sample.name,treatment,soil.type,location,F moist soil wt (g),UF moist soil wt (g),moist soil wt (g) of representative sample,dry soil wt (g) of representative sample,water wt (g) of representative sample,representative soil moisture content (g water/g moist soil),F dry soil wt (g) (moist wt - (moist wt * mois content)),UF dry soil wt (g) (moist wt - (moist wt * mois content)),NPOC F (mg/L),NPOC UF (mg/L),TN F (mg/L),TN UF (mg/L),dilution F: milliQ wt (g),dilution F: extractant wt (g),F dilution factor,dilution UF: milliQ wt (g),dilution UF: extractant wt (g),UF dilution factor,F NPOC undiluted(mgC/L),UF NPOC undiluted (mgC/L),F TN undiluted (mgN/L),UF TN undiluted (mgN/L),actual F NPOC (mgC/kg soil),actual UF NPOC (mgC/kg soil),actual F TN (mgN/kg soil),actual UF TN (mgN/kg soil),carbon flush (mg C/kg soil),nitrogen flush (mg N/kg soil)
NO OS1,N,OS,O,6.12,5.78,2.15,1.4269,0.7231,0.336325581,4.061687442,3.83603814,9.675,0.8555,1.991,0.9646,5,5,0.5,5,5,0.5,19.35,1.711,3.982,1.9292,248.0073522,23.16872656,51.0369652,26.1233824,224.8386257,24.9135828
NC OS1,N,OS,C,6.25,5.7,2.03,1.3504,0.6796,0.334778325,4.157635468,3.791763547,17.4,0.9153,3.311,0.756,5,5,0.5,5,5,0.5,34.8,1.8306,6.622,1.512,436.0204976,25.06042808,82.9691878,20.69887865,410.9600696,62.27030915
NMW OS1,N,OS,MW,6.13,5.95,1.93,1.2709,0.6591,0.341502591,4.036589119,3.918059585,24.1,1.468,4.189,1.362,5,5,0.5,5,5,0.5,48.2,2.936,8.378,2.724,622.0356668,38.99016177,108.1206394,36.17479586,583.0455051,71.94584349
NMWC OS1,N,OS,MWC,6.08,5.95,2.01,1.2952,0.7148,0.355621891,3.917818905,3.834049751,21.77,1.291,3.723,1.718,5,5,0.5,5,5,0.5,43.54,2.582,7.446,3.436,579.6953406,35.09693204,99.13669054,46.70528988,544.5984086,52.43140066
NO UT1,N,UT,O,6.31,5.75,2.05,1.3634,0.6866,0.334926829,4.196611707,3.824170732,22.46,1.215,4.733,2.693,5,5,0.5,5,5,0.5,44.92,2.43,9.466,5.386,557.8151055,32.99532735,117.5484815,73.13285312,524.8197781,44.41562836
NC UT1,N,UT,C,6.13,6.01,1.98,1.3344,0.6456,0.326060606,4.131248485,4.050375758,21.94,1.561,6.104,4.94,5,5,0.5,5,5,0.5,43.88,3.122,12.208,9.88,552.3040371,40.05009821,153.6583338,126.7440648,512.2539389,26.91426894
NMW UT1,N,UT,MW,6.14,6.02,1.99,1.3062,0.6838,0.34361809,4.030184925,3.951419095,18.87,1.509,5.174,3.237,5,5,0.5,5,5,0.5,37.74,3.018,10.348,6.474,487.9737426,39.76874469,133.7984178,85.30909646,448.2049979,48.48932135
NMWC UT1,N,UT,MWC,6.06,5.94,2.16,1.4562,0.7038,0.325833333,4.08545,4.00455,68.68,4.402,11.87,5.171,5,5,0.5,5,5,0.5,137.36,8.804,23.74,10.342,1747.4756,114.1800456,302.0171137,134.126537,1633.295554,167.8905766
NO OM1,N,OM,O,6.01,6.46,2.03,1.2855,0.7445,0.366748768,3.805839901,4.090802956,16.95,8.017,6.573,11.01,5,5,0.5,5,5,0.5,33.9,16.034,13.146,22.02,465.0014381,205.26232,180.3217966,281.8932448,259.7391181,-101.5714482
NC OM1,N,OM,C,6.11,6.19,2.16,1.355,0.805,0.372685185,3.832893519,3.883078704,12.72,2.083,3.823,3.765,5,5,0.5,5,5,0.5,25.44,4.166,7.646,7.53,346.9779639,56.11800603,104.2843362,101.4326897,290.8599579,2.851646429
NMW OM1,N,OM,MW,6.05,6.33,2.08,1.3138,0.7662,0.368365385,3.821389423,3.998247115,12.42,1.864,2.883,1.286,5,5,0.5,5,5,0.5,24.84,3.728,5.766,2.572,339.4992091,48.7945765,78.80645892,33.66406941,290.7046326,45.14238951
NMWC OM1,N,OM,MWC,6,6.39,2.1,1.2993,0.8007,0.381285714,3.712285714,3.953584286,11.7,1.244,3.265,2.365,5,5,0.5,5,5,0.5,23.4,2.488,6.53,4.73,329.5900716,32.9983612,91.97534903,62.7340227,296.5917104,29.24132633
CO OS1,C,OS,O,6.16,5.94,1.99,1.3215,0.6685,0.335929648,4.090673367,3.944577889,24.31,1.252,4.622,2.27,5,5,0.5,5,5,0.5,48.62,2.504,9.244,4.54,618.873822,33.00645611,117.6649447,59.84397393,585.8673658,57.82097075
CC OS1,C,OS,C,6.08,5.9,2.1,1.4171,0.6829,0.325190476,4.102841905,3.98137619,32.76,1.997,6.865,2.202,5,5,0.5,5,5,0.5,65.52,3.994,13.73,4.404,830.0449975,52.08324297,173.9395271,57.42979521,777.9617545,116.5097319
CMW OS1,C,OS,MW,6.05,6.01,1.96,1.3351,0.6249,0.318826531,4.12109949,4.093852551,10.57,0.811,1.779,0.9045,5,5,0.5,5,5,0.5,21.14,1.622,3.558,1.809,266.3796299,20.5693757,44.83343061,22.9408142,245.8102542,21.89261641
CMWC OS1,C,OS,MWC,5.97,6.06,2,1.3555,0.6445,0.32225,4.0461675,4.107165,11.95,1.744,1.996,1,5,5,0.5,5,5,0.5,23.9,3.488,3.992,2,306.704949,44.1208202,51.22870947,25.29863543,262.5841288,25.93007404
CO UT1,C,UT,O,5.98,6.02,2.04,1.3447,0.6953,0.340833333,3.941816667,3.968183333,21.39,1.071,4.656,2.103,5,5,0.5,5,5,0.5,42.78,2.142,9.312,4.206,564.7633239,28.09723794,122.9330545,55.17132716,536.666086,67.76172737
CC UT1,C,UT,C,6.02,5.92,2.07,1.3736,0.6964,0.336425121,3.994720773,3.928363285,27.19,1.364,5.069,2.186,5,5,0.5,5,5,0.5,54.38,2.728,10.138,4.372,708.2183825,36.10490544,132.0323274,57.86314025,672.1134771,74.16918711
CMW UT1,C,UT,MW,5.96,6.01,2.06,1.3871,0.6729,0.326650485,4.013163107,4.046830583,12.92,1.701,2.908,2.255,5,5,0.5,5,5,0.5,25.84,3.402,5.816,4.51,334.4758809,43.68324761,75.28296143,57.91047816,290.7926333,17.37248327
CMWC UT1,C,UT,MWC,6.03,5.93,2.07,1.3828,0.6872,0.331980676,4.028156522,3.961354589,27.98,0.9079,6.544,2.89,5,5,0.5,5,5,0.5,55.96,1.8158,13.088,5.78,722.4205776,23.82131269,168.9606955,75.82728678,698.5992649,93.13340871
CO OM1,C,OM,O,6.13,6.12,2.16,1.3798,0.7802,0.361203704,3.915821296,3.909433333,15.38,1.991,3.765,1.498,5,5,0.5,5,5,0.5,30.76,3.982,7.53,2.996,410.158691,53.17969607,100.4062075,40.01164476,356.9789949,60.39456275
CC OM1,C,OM,C,6,6.26,2.14,1.3531,0.7869,0.36771028,3.793738318,3.958133645,22.92,2.429,4.586,2.074,5,5,0.5,5,5,0.5,45.84,4.858,9.172,4.148,630.8118365,64.19249312,126.217412,54.81071664,566.6193434,71.40669533
CMW OM1,C,OM,MW,6.19,6.15,2.02,1.2846,0.7354,0.364059406,3.936472277,3.911034653,28.79,2.778,7.568,4.454,5,5,0.5,5,5,0.5,57.58,5.556,15.136,8.908,764.3285445,74.21046275,200.9183197,118.9825058,690.1180818,81.93581394
CMWC OM1,C,OM,MWC,6.04,6.3,2.05,1.2609,0.7891,0.384926829,3.715041951,3.874960976,11.41,6.367,4.29,5.404,5,5,0.5,7.5,2.5,0.25,22.82,25.468,8.58,21.616,321.4110522,344.56112,120.8460486,292.4467242,-23.1500678,-171.6006756
SO OS1,S,OS,O,6.17,5.75,2.08,1.4218,0.6582,0.316442308,4.217550962,3.930456731,12.2,1.604,2.62,0.9307,7.5,2.5,0.25,7.5,2.5,0.25,48.8,6.416,10.48,3.7228,601.1259938,84.58919978,129.0942708,49.08177571,516.536794,80.01249509
SC OS1,S,OS,C,6.03,5.76,2.16,1.451,0.709,0.328240741,4.050708333,3.869333333,8.171,1.051,1.065,0.3973,7.5,2.5,0.25,7.5,2.5,0.25,32.684,4.204,4.26,1.5892,419.4059481,56.37879807,54.66495345,21.31236582,363.02715,33.35258764
SMW OS1,S,OS,MW,6.11,5.76,2.08,1.3864,0.6936,0.333461538,4.07255,3.839261538,10.29,1.298,1.704,0.5299,7.5,2.5,0.25,7.5,2.5,0.25,41.16,5.192,6.816,2.1196,525.9263709,70.21466795,87.09218038,28.66467839,455.711703,58.42750199
SMWC OS1,S,OS,MWC,6.29,5.67,2.01,1.3806,0.6294,0.313134328,4.320385075,3.894528358,10.24,1.207,1.551,0.4463,7.5,2.5,0.25,7.5,2.5,0.25,40.96,4.828,6.204,1.7852,492.7050229,64.18542994,74.62748932,23.73318756,428.519593,50.89430176
SO UT1,S,UT,O,6.16,5.86,2.03,1.3374,0.6926,0.341182266,4.058317241,3.860671921,12.21,1.531,2.648,1.419,7.5,2.5,0.25,7.5,2.5,0.25,48.84,6.124,10.592,5.676,627.0200269,82.48405761,135.9827216,76.44995281,544.5359693,59.53276884
SC UT1,S,UT,C,6.2,5.76,2.03,1.3759,0.6541,0.322216749,4.202256158,3.904031527,10.91,1.224,2.584,1.746,7.5,2.5,0.25,7.5,2.5,0.25,43.64,4.896,10.336,6.984,539.9912466,65.03195988,127.8952687,92.76617807,474.9592868,35.12909062
SMW UT1,S,UT,MW,6.13,5.83,2.04,1.3567,0.6833,0.33495098,4.07675049,3.877235784,8.737,1.422,2.581,1.775,7.5,2.5,0.25,7.5,2.5,0.25,34.948,5.688,10.324,7.1,446.2272018,76.21597945,131.8201222,95.13597997,370.0112224,36.68414226
SMWC UT1,S,UT,MWC,6.17,5.79,2.03,1.3978,0.6322,0.311428571,4.248485714,3.986828571,10.93,1.113,2.519,0.813,7.5,2.5,0.25,7.5,2.5,0.25,43.72,4.452,10.076,3.252,534.3100477,57.84741307,123.1406231,42.25511844,476.4626346,80.88550463
SO OM1,S,OM,O,6.13,6.19,2.03,1.2905,0.7395,0.364285714,3.896928571,3.935071429,9.466,1.32,1.569,0.4963,7.5,2.5,0.25,7.5,2.5,0.25,37.864,5.28,6.276,1.9852,507.5158501,70.11461618,84.1213151,26.36203334,437.4012339,57.75928176
SC OM1,S,OM,C,6.07,6.23,2.05,1.2639,0.7861,0.383463415,3.742377073,3.841022927,6.76,1.403,1.597,0.6013,7.5,2.5,0.25,7.5,2.5,0.25,27.04,5.612,6.388,2.4052,378.0856114,76.5439168,89.31992921,32.80531516,301.5416946,56.51461405
SMW OM1,S,OM,MW,6.08,6.33,2,1.2479,0.7521,0.37605,3.793616,3.9496035,6.921,1.404,1.729,1.043,7.5,2.5,0.25,7.5,2.5,0.25,27.684,5.616,6.916,4.172,381.5610896,74.48046538,95.32135876,55.32986139,307.0806243,39.99149737
SMWC OM1,S,OM,MWC,6.1,6.25,2.05,1.3267,0.7233,0.352829268,3.947741463,4.044817073,5.396,1.287,0.9716,0.2705,7.5,2.5,0.25,7.5,2.5,0.25,21.584,5.148,3.8864,1.082,285.1388214,66.4436183,51.3418975,13.96503399,218.6952031,37.37686351
NO OS2,N,OS,O,6.14,5.74,2.06,1.353,0.707,0.343203883,4.032728155,3.770009709,5.369,1.251,0.8436,0.3397,7.5,2.5,0.25,7.5,2.5,0.25,21.476,5.004,3.3744,1.3588,277.4934801,68.9806795,43.60094986,18.7312045,208.5128006,24.86974537
NC OS2,N,OS,C,6.11,5.81,2.03,1.3139,0.7161,0.352758621,3.954644828,3.760472414,11.45,1.582,2.113,0.8617,7.5,2.5,0.25,7.5,2.5,0.25,45.8,6.328,8.452,3.4468,604.0277626,87.58724286,111.4681801,47.70791857,516.4405197,63.76026155
NMW OS2,N,OS,MW,6.09,5.88,2,1.3166,0.6834,0.3417,4.009047,3.870804,18.5,1.387,3.503,1.243,7.5,2.5,0.25,7.5,2.5,0.25,74,5.548,14.012,4.972,961.3233574,74.54446658,182.0278768,66.80517084,886.7788908,115.222706
NMWC OS2,N,OS,MWC,6.1,5.89,2.04,1.3778,0.6622,0.324607843,4.119892157,3.978059804,9.696,1.301,1.644,0.7434,7.5,2.5,0.25,7.5,2.5,0.25,38.784,5.204,6.576,2.9736,489.332348,67.90992345,82.9684798,38.80417917,421.4224245,44.16430063
NO UT2,N,UT,O,6.1,5.85,2.06,1.3703,0.6897,0.334805825,4.057684466,3.891385922,11,1.722,3.146,3.191,7.5,2.5,0.25,7.5,2.5,0.25,44,6.888,12.584,12.764,564.327242,91.97004381,161.3975912,170.427648,472.3571982,-9.030056767
NC UT2,N,UT,C,6.06,5.93,2,1.3719,0.6281,0.31405,4.156857,4.0676835,11.65,1.279,2.472,1.29,7.5,2.5,0.25,7.5,2.5,0.25,46.6,5.116,9.888,5.16,581.8546233,65.22818484,123.4630583,65.78917783,516.6264384,57.67388043
NMW UT2,N,UT,MW,6.05,5.92,2,1.3667,0.6333,0.31665,4.1342675,4.045432,8.212,2.435,1.575,1.139,7.5,2.5,0.25,7.5,2.5,0.25,32.848,9.74,6.3,4.556,412.4861251,124.8960043,79.11174464,58.42158064,287.5901208,20.690164
NMWC UT2,N,UT,MWC,6.13,5.85,2.02,1.3238,0.6962,0.344653465,4.017274257,3.833777228,11.7,1.886,2.765,2.06,7.5,2.5,0.25,7.5,2.5,0.25,46.8,7.544,11.06,8.24,607.0971033,102.3560737,143.4720932,111.799317,504.7410295,31.6727762
NO OM2,N,OM,O,6.14,6.23,2,1.2617,0.7383,0.36915,3.873419,3.9301955,13.18,1.784,2.054,0.8745,7.5,2.5,0.25,7.5,2.5,0.25,52.72,7.136,8.216,3.498,711.3855099,94.96001024,110.8638723,46.54850278,616.4254997,64.31536955
NC OM2,N,OM,C,5.96,6.3,2.11,1.3352,0.7748,0.367203791,3.771465403,3.986616114,7.491,1.336,1.363,0.7518,7.5,2.5,0.25,7.5,2.5,0.25,29.964,5.344,5.452,3.0072,414.6338581,70.12531819,75.44332514,39.46123819,344.5085399,35.98208695
NMW OM2,N,OM,MW,6.05,6.35,1.94,1.2454,0.6946,0.358041237,3.883850515,4.076438144,13.21,2.718,2.532,1.096,7.5,2.5,0.25,7.5,2.5,0.25,52.84,10.872,10.128,4.384,709.7233346,139.4153779,136.034783,56.21753282,570.3079566,79.81725015
NMWC OM2,N,OM,MWC,6,6.20,2.13,1.3814,0.7486,0.351455399,3.891267606,4.020976526,12.23,1.419,2.708,1.131,7.5,2.5,0.25,7.5,2.5,0.25,48.92,5.676,10.832,4.524,655.0973737,73.65577375,145.0534495,58.70661037,581.4415999,86.34683918
CO OS2,C,OS,O,6.11,6.02,1.97,1.3114,0.6586,0.334314721,4.067337056,4.007425381,4.957,0.4547,0.6536,0.3443,7.5,2.5,0.25,7.5,2.5,0.25,19.828,1.8188,2.6144,1.3772,253.7045508,23.60629625,33.45194562,17.87474774,230.0982546,15.57719788
CC OS2,C,OS,C,6.1,5.88,2.08,1.3984,0.6816,0.327692308,4.101076923,3.953169231,5.577,0.545,0.7133,0.3469,7.5,2.5,0.25,7.5,2.5,0.25,22.308,2.18,2.8532,1.3876,282.8505775,28.63537695,36.17667508,18.22681149,254.2152005,17.94986359
CMW OS2,C,OS,MW,5.95,6.11,2.01,1.3614,0.6486,0.322686567,4.030014925,4.138385075,8.01,1.116,1.402,1.245,7.5,2.5,0.25,7.5,2.5,0.25,32.04,4.464,5.608,4.98,412.7816776,56.06082683,72.24967691,62.54097617,356.7208508,9.708700741
CMWC OS2,C,OS,MWC,5.96,6.16,1.98,1.3423,0.6377,0.322070707,4.040458586,4.176044444,3.884,0.5,0.6484,0.2963,7.5,2.5,0.25,7.5,2.5,0.25,15.536,2,2.5936,1.1852,199.6362488,24.89626547,33.32753442,14.75352692,174.7399833,18.57400751
CO UT2,C,UT,O,6.11,5.98,2,1.2733,0.7267,0.36335,3.8899315,3.807167,5.282,0.5504,1.119,0.7875,7.5,2.5,0.25,7.5,2.5,0.25,21.128,2.2016,4.476,3.15,283.6311147,30.17038894,60.08769733,43.16711716,253.4607257,16.92058017
CC UT2,C,UT,C,6.04,6.16,1.96,1.3434,0.6166,0.314591837,4.139865306,4.222114286,4.127,0.4423,0.7236,0.4124,7.5,2.5,0.25,7.5,2.5,0.25,16.508,1.7692,2.8944,1.6496,206.9553863,21.76362391,36.28614429,20.29237734,185.1917624,15.99376695
CMW UT2,C,UT,MW,5.96,6.15,1.95,1.2939,0.6561,0.336461538,3.954689231,4.080761538,4.848,0.4974,0.9212,0.5822,7.5,2.5,0.25,7.5,2.5,0.25,19.392,1.9896,3.6848,2.3288,255.0104263,25.38667253,48.45618908,29.71475823,229.6237537,18.74143085
CMWC UT2,C,UT,MWC,5.95,6.11,2.04,1.371,0.669,0.327941176,3.99875,4.106279412,5.328,0.4534,0.9386,0.4919,7.5,2.5,0.25,7.5,2.5,0.25,21.312,1.8136,3.7544,1.9676,276.8827859,22.96822457,48.77668596,24.918548,253.9145613,23.85813796
CO OM2,C,OM,O,5.98,6.36,2.06,1.3745,0.6855,0.33276699,3.990053398,4.243601942,6.457,0.8786,1.278,0.6614,7.5,2.5,0.25,7.5,2.5,0.25,25.828,3.5144,5.112,2.6456,336.5359324,43.16094484,66.60878452,32.4910641,293.3749876,34.11772042
CC OM2,C,OM,C,5.94,6.44,1.99,1.3891,0.6009,0.301959799,4.146358794,4.495378894,3.497,0.6277,1.649,1.116,7.5,2.5,0.25,7.5,2.5,0.25,13.988,2.5108,6.596,4.464,174.729079,29.01258331,82.39298005,51.58203436,145.7164957,30.81094569
CMW OM2,C,OM,MW,6.04,6.4,1.99,1.28,0.71,0.35678392,3.885025126,4.116582915,3.416,0.6393,0.8853,0.4796,7.5,2.5,0.25,7.5,2.5,0.25,13.664,2.5572,3.5412,1.9184,183.4339685,32.47818809,47.5392542,24.36499141,150.9557805,23.17426279
CMWC OM2,C,OM,MWC,6.06,6.25,2.11,1.3881,0.7219,0.342132701,3.986675829,4.111670616,6.198,0.6896,1.383,0.5544,7.5,2.5,0.25,7.5,2.5,0.25,24.792,2.7584,5.532,2.2176,323.8291519,34.97808584,72.25810215,28.12043328,288.8510661,44.13766887
SO OS2,S,OS,O,6.04,6.01,1.97,1.3533,0.6167,0.313045685,4.149204061,4.128595431,5.88,1.171,1.255,0.9274,7.5,2.5,0.25,7.5,2.5,0.25,23.52,4.684,5.02,3.7096,294.145938,58.86081672,62.78114833,46.61615835,235.2851213,16.16498999
SC OS2,S,OS,C,6.03,5.95,2.09,1.456,0.634,0.303349282,4.200803828,4.14507177,11.09,0.6809,1.795,0.5301,7.5,2.5,0.25,7.5,2.5,0.25,44.36,2.7236,7.18,2.1204,547.3102855,34.03943534,88.58629057,26.50066776,513.2708501,62.08562281
SMW OS2,S,OS,MW,5.95,6.05,2.03,1.4238,0.6062,0.29862069,4.173206897,4.243344828,6.877,0.6445,1.281,0.4299,7.5,2.5,0.25,7.5,2.5,0.25,27.508,2.578,5.124,1.7196,341.2905375,31.47459433,63.57324102,20.99445788,309.8159431,42.57878314
SMWC OS2,S,OS,MWC,5.98,6.08,1.97,1.3702,0.5998,0.304467005,4.15928731,4.228840609,6.543,0.5454,0.8292,0.3434,7.5,2.5,0.25,7.5,2.5,0.25,26.172,2.1816,3.3168,1.3736,326.0779051,26.7492913,41.32413249,16.84214638,299.3286138,24.48198612
SO UT2,S,UT,O,6.11,5.93,2.02,1.3775,0.6425,0.318069307,4.166596535,4.04384901,6.178,13.59,1.7,0.8526,7.5,2.5,0.25,7.5,2.5,0.25,24.712,54.36,6.8,3.4104,308.0752782,697.4867659,84.77306133,43.75844125,-389.4114878,41.01462008
SC UT2,S,UT,C,6.03,6.12,1.97,1.3337,0.6363,0.322994924,4.082340609,4.143271066,12.69,0.8159,2.913,0.9795,7.5,2.5,0.25,7.5,2.5,0.25,50.76,3.2636,11.652,3.918,645.9194475,40.9413842,148.2713436,49.15073639,604.9780633,99.12060723
SMW UT2,S,UT,MW,6.08,5.96,2.05,1.3639,0.6861,0.334682927,4.045127805,3.965289756,4.048,0.4432,1.006,0.4991,7.5,2.5,0.25,7.5,2.5,0.25,16.192,1.7728,4.024,1.9964,208.2872758,23.24577219,51.76309274,26.17771863,185.0415036,25.58537411
SMWC UT2,S,UT,MWC,6,6.11,1.96,1.345,0.615,0.31377551,4.117346939,4.192831633,5.787,0.5423,1.143,0.8023,7.5,2.5,0.25,7.5,2.5,0.25,23.148,2.1692,4.572,3.2092,291.6877472,26.85982446,57.61173234,39.73748324,264.8279228,17.8742491
SO OM2,S,OM,O,5.98,6.36,2.05,1.3563,0.6937,0.338390244,3.956426341,4.207838049,8.735,0.8773,1.751,0.8762,7.5,2.5,0.25,7.5,2.5,0.25,34.94,3.5092,7.004,3.5048,459.4306849,43.49320592,92.09652309,43.43867209,415.9374789,48.657851
SC OM2,S,OM,C,5.98,6.43,2,1.3558,0.6442,0.3221,4.053842,4.358897,3.317,0.6023,0.8162,0.552,7.5,2.5,0.25,7.5,2.5,0.25,13.268,2.4092,3.2648,2.208,169.9514348,28.78014813,41.81922251,26.37662588,141.1712867,15.44259663
SMW OM2,S,OM,MW,5.96,6.54,2,1.2929,0.7071,0.35355,3.852842,4.227783,3.784,0.5629,1.023,0.5536,7.5,2.5,0.25,7.5,2.5,0.25,15.136,2.2516,4.092,2.2144,204.7044606,27.86003629,55.3416129,27.39974434,176.8444243,27.94186856
SMWC OM2,S,OM,MWC,6.05,6.34,2.02,1.387,0.633,0.313366337,4.154133663,4.353257426,2.334,0.5675,0.4441,0.2319,7.5,2.5,0.25,7.5,2.5,0.25,9.336,2.27,1.7764,0.9276,116.6307701,27.10841425,22.19182733,11.07742954,89.52235581,11.11439779
NO OS3,N,OS,O,6.04,5.92,2.06,1.4151,0.6449,0.313058252,4.149128155,4.066695146,1.589,0.5241,0.2944,0.2936,7.5,2.5,0.25,7.5,2.5,0.25,6.356,2.0964,1.1776,1.1744,79.4910085,26.73061648,14.7275978,14.97444953,52.76039201,-0.246851734
NC OS3,N,OS,C,5.95,6.04,1.93,1.2875,0.6425,0.332901554,3.969235751,4.029274611,3.72,0.5702,0.9072,0.6038,7.5,2.5,0.25,7.5,2.5,0.25,14.88,2.2808,3.6288,2.4152,194.8671786,29.44104682,47.52244742,31.17591032,165.4261318,16.3465371
NMW OS3,N,OS,MW,5.97,5.95,2.06,1.4375,0.6225,0.302184466,4.165958738,4.152002427,6.869,0.4321,1.083,0.4013,7.5,2.5,0.25,7.5,2.5,0.25,27.476,1.7284,4.332,1.6052,341.6663312,21.56252569,53.86877808,20.02555325,320.1038055,33.84322483
NMWC OS3,N,OS,MWC,5.95,5.99,2.08,1.4814,0.5986,0.287788462,4.237658654,4.266147115,4.834,0.5632,0.6563,0.245,7.5,2.5,0.25,7.5,2.5,0.25,19.336,2.2528,2.6252,0.98,235.9580877,27.31352029,32.03543503,11.8817693,208.6445674,20.15366573
NO UT3,N,UT,O,5.95,6.14,1.95,1.347,0.603,0.309230769,4.110076923,4.241323077,6.744,0.7071,1.78,1.251,7.5,2.5,0.25,7.5,2.5,0.25,26.976,2.8284,7.12,5.004,340.2451563,34.60953461,89.80373341,61.23112402,305.6356217,28.5726094
NC UT3,N,UT,C,5.94,6.15,1.99,1.3426,0.6474,0.325326633,4.007559799,4.149241206,6.346,0.5182,1.679,1.101,7.5,2.5,0.25,7.5,2.5,0.25,25.384,2.0728,6.716,4.404,328.9415825,25.97756252,87.03008461,55.19354753,302.9640199,31.83653708
NMW UT3,N,UT,MW,6.11,6.77,2.01,1.2903,0.7197,0.358059701,3.922255224,4.345935821,4.978,0.4142,1.12,0.5883,7.5,2.5,0.25,7.5,2.5,0.25,19.912,1.6568,4.48,2.3532,264.9400191,19.98561256,59.60884319,28.38613199,244.9544066,31.2227112
NMWC UT3,N,UT,MWC,6.09,5.93,2.03,1.4143,0.6157,0.303300493,4.2429,4.131428079,7.566,0.5918,1.733,0.783,7.5,2.5,0.25,7.5,2.5,0.25,30.264,2.3672,6.932,3.132,369.8179628,29.67922401,84.70718075,39.2680507,340.1387388,45.43913005
NO OM3,N,OM,O,6.05,6.33,2.04,1.2689,0.7711,0.377990196,3.763159314,3.937322059,3.175,0.6863,1.015,0.4758,7.5,2.5,0.25,7.5,2.5,0.25,12.7,2.7452,4.06,1.9032,176.4588797,36.52949323,56.41126391,25.32527011,139.9293865,31.0859938
NC OM3,N,OM,C,6.01,6.42,2,1.2678,0.7322,0.3661,3.809739,4.069638,7.332,0.9746,1.584,0.54,7.5,2.5,0.25,7.5,2.5,0.25,29.328,3.8984,6.336,2.16,401.84623,50.14761785,86.81457016,27.78546444,351.6986122,59.02910572
NMW OM3,N,OM,MW,6.04,6.36,2.05,1.3126,0.7374,0.359707317,3.867367805,4.072261463,3.752,0.8039,0.9881,0.6019,7.5,2.5,0.25,7.5,2.5,0.25,15.008,3.2156,3.9524,2.4076,202.4650624,41.2882261,53.31975697,30.91352567,161.1768363,22.4062313
NMWC OM3,N,OM,MWC,6.01,6.36,2.03,1.2717,0.7583,0.373546798,3.764983744,3.984242365,4.587,0.5539,0.8778,0.4187,7.5,2.5,0.25,7.5,2.5,0.25,18.348,2.2156,3.5112,1.6748,254.6070909,29.12567008,48.72337135,22.01646157,225.4814208,26.70690978
CO OS3,C,OS,O,6.04,6.03,2,1.3243,0.6757,0.33785,3.999386,3.9927645,3.5,0.3927,0.623,0.2832,7.5,2.5,0.25,7.5,2.5,0.25,14,1.5708,2.492,1.1328,182.1701121,20.47205377,32.42627996,14.76365069,161.6980583,17.66262926
CC OS3,C,OS,C,6.08,5.98,2.05,1.4109,0.6391,0.311756098,4.184522927,4.115698537,4.332,0.5159,0.6807,0.3145,7.5,2.5,0.25,7.5,2.5,0.25,17.328,2.0636,2.7228,1.258,214.8978133,26.00461903,33.76753036,15.85278675,188.8931943,17.91474361
CMW OS3,C,OS,MW,6,6.03,2.05,1.3979,0.6521,0.318097561,4.091414634,4.111871707,3.613,0.4632,0.5879,0.2327,7.5,2.5,0.25,7.5,2.5,0.25,14.452,1.8528,2.3516,0.9308,183.3553777,23.39419003,29.83521355,11.75265117,159.9611877,18.08256239
CMWC OS3,C,OS,MWC,6,6.06,2.04,1.3703,0.6697,0.328284314,4.030294118,4.070597059,8.56,0.4395,1.823,0.3564,7.5,2.5,0.25,7.5,2.5,0.25,34.24,1.758,7.292,1.4256,441.5168416,22.45306255,94.02864511,18.2076712,419.063779,75.82097391
CO UT3,C,UT,O,6.03,6.07,2.02,1.3419,0.6781,0.335693069,4.005770792,4.032343069,10.46,1.295,2.591,1.127,7.5,2.5,0.25,7.5,2.5,0.25,41.84,5.18,10.364,4.508,543.3894906,66.84824636,134.6005899,58.17604143,476.5412442,76.42454845
CC UT3,C,UT,C,6,6.11,2.01,1.2932,0.7168,0.356616915,3.860298507,3.931070647,5.84,1.193,1.215,0.7798,7.5,2.5,0.25,7.5,2.5,0.25,23.36,4.772,4.86,3.1192,315.515348,63.34097584,65.64231983,41.40259259,252.1743721,24.23972723
CMW UT3,C,UT,MW,6.03,6.11,2,1.3506,0.6494,0.3247,4.072059,4.126083,11.74,1.557,4.134,2.648,7.5,2.5,0.25,7.5,2.5,0.25,46.96,6.228,16.536,10.592,599.1919344,78.46566225,210.9931394,133.4470608,520.7262722,77.54607866
CMWC UT3,C,UT,MWC,6.02,6.09,2.02,1.3179,0.7021,0.347574257,3.92760297,3.973272772,3.955,1.327,0.9311,1.1,7.5,2.5,0.25,7.5,2.5,0.25,15.82,5.308,3.7244,4.4,209.823072,69.6241119,49.39728505,57.71403398,140.1989601,-8.31674893
CO OM3,C,OM,O,6.04,6.42,2,1.2725,0.7275,0.36375,3.84295,4.084725,4.383,1.494,1.308,0.7712,7.5,2.5,0.25,7.5,2.5,0.25,17.532,5.976,5.232,3.0848,238.1292186,76.56711367,71.06388727,39.52380058,161.5621049,31.5400867
CC OM3,C,OM,C,6.02,6.37,2.05,1.3102,0.7398,0.360878049,3.847514146,4.071206829,7.685,2.421,2.831,2.693,7.5,2.5,0.25,7.5,2.5,0.25,30.74,9.684,11.324,10.772,416.8359502,124.4008311,153.5540111,138.3772979,292.4351191,15.17671321
CMW OM3,C,OM,MW,6.04,6.37,2.02,1.268,0.752,0.372277228,3.791445545,3.998594059,6.764,1.657,1.886,0.9784,7.5,2.5,0.25,7.5,2.5,0.25,27.056,6.628,7.544,3.9136,372.8490553,86.80993205,103.9611647,51.25820007,286.0391232,52.70296466
CMWC OM3,C,OM,MWC,6.02,6.27,2.04,1.2815,0.7585,0.371813725,3.781681373,3.938727941,7.048,1.502,2.148,1.039,7.5,2.5,0.25,7.5,2.5,0.25,28.192,6.008,8.592,4.156,389.4306616,79.82432075,118.6857351,55.21802214,309.6063408,63.46771296
SO OS3,S,OS,O,6,6,2.02,1.3915,0.6285,0.311138614,4.133168317,4.133168317,5.982,1.29,1.25,0.6951,7.5,2.5,0.25,7.5,2.5,0.25,23.928,5.16,5,2.7804,300.2707496,64.75246856,62.74464008,34.89103945,235.518281,27.85360062
SC OS3,S,OS,C,6.04,5.79,2.03,1.3845,0.6455,0.317980296,4.119399015,3.948894089,4.327,1.419,0.8144,0.4497,7.5,2.5,0.25,7.5,2.5,0.25,17.308,5.676,3.2576,1.7988,218.1487539,74.51456295,41.05854984,23.61465748,143.6341909,17.44389237
SMW OS3,S,OS,MW,6.02,6.03,2.01,1.3799,0.6301,0.313482587,4.132834826,4.1397,8.559,1.68,2.249,0.9227,7.5,2.5,0.25,7.5,2.5,0.25,34.236,6.72,8.996,3.6908,429.8282079,84.23383723,112.9435261,46.26342953,345.5943707,66.68009654
SMWC OS3,S,OS,MWC,6.04,5.92,2.05,1.379,0.671,0.327317073,4.063004878,3.982282927,8.394,1.263,1.684,0.6432,7.5,2.5,0.25,7.5,2.5,0.25,33.576,5.052,6.736,2.5728,429.529287,65.88917751,86.17194654,33.55496356,363.6401095,52.61698298
SO UT3,S,UT,O,6.03,6.04,2,1.296,0.704,0.352,3.90744,3.91392,9.284,1.535,2.604,2.425,7.5,2.5,0.25,7.5,2.5,0.25,37.136,6.14,10.416,9.7,495.3686783,81.77329409,138.9422704,129.1858229,413.5953842,9.756447468
SC UT3,S,UT,C,6,6.11,2,1.3119,0.6881,0.34405,3.9357,4.0078545,12.37,1.534,3.518,1.958,7.5,2.5,0.25,7.5,2.5,0.25,49.48,6.136,14.072,7.832,654.5574012,79.76805665,186.1546433,101.8160723,574.7893446,84.33857099
SMW UT3,S,UT,MW,6.02,5.99,2.05,1.3455,0.7045,0.343658537,3.95117561,3.931485366,12.7,1.38,4.292,2.816,7.5,2.5,0.25,7.5,2.5,0.25,50.8,5.52,17.168,11.264,669.4453854,73.09273062,226.2409129,149.1515431,596.3526548,77.08936988
SMWC UT3,S,UT,MWC,6,6.15,2,1.3517,0.6483,0.32415,4.0551,4.1564775,13.23,1.345,3.516,1.962,7.5,2.5,0.25,7.5,2.5,0.25,52.92,5.38,14.064,7.848,677.8930502,67.29860827,180.1566111,98.17090663,610.594442,81.98570445
SO OM3,S,OM,O,6,6.35,2.04,1.2739,0.7661,0.375539216,3.746764706,3.96532598,5.359,1.721,1.372,0.6795,7.5,2.5,0.25,7.5,2.5,0.25,21.436,6.884,5.488,2.718,298.9513459,90.94235827,76.53689991,35.90664291,208.0089877,40.63025701
SC OM3,S,OM,C,6.01,6.28,2.04,1.2874,0.7526,0.368921569,3.792781373,3.963172549,3.763,1.859,2.076,2.008,7.5,2.5,0.25,7.5,2.5,0.25,15.052,7.436,8.304,8.032,207.2288111,98.16073464,114.3255413,106.0283782,109.0680765,8.297163062
SMW OM3,S,OM,MW,6.04,6.3,2.02,1.2729,0.7471,0.369851485,3.80609703,3.969935644,5.384,1.861,1.984,1.076,7.5,2.5,0.25,7.5,2.5,0.25,21.536,7.444,7.936,4.304,295.5545604,98.12375667,108.9116359,56.73356377,197.4308037,52.17807215
SMWC OM3,S,OM,MWC,6.01,6.25,2.06,1.3407,0.7193,0.349174757,3.911459709,4.067657767,7.494,1.713,1.449,0.4553,7.5,2.5,0.25,7.5,2.5,0.25,29.976,6.852,5.796,1.8212,399.2642032,87.90154665,77.19960373,23.36344086,311.3626565,53.83616287
NO OS4,N,OS,O,6.07,5.94,2,1.3741,0.6259,0.31295,4.1703935,4.081077,11.21,1.148,3.016,1.137,7.5,2.5,0.25,7.5,2.5,0.25,44.84,4.592,12.064,4.548,558.0236866,58.35130639,150.133759,57.79219108,499.6723802,92.34156795
NC OS4,N,OS,C,6.1,5.85,2.04,1.3508,0.6892,0.337843137,4.039156863,3.873617647,6.911,0.8176,2.482,1.176,7.5,2.5,0.25,7.5,2.5,0.25,27.644,3.2704,9.928,4.704,356.3045449,43.88237982,127.9623615,63.11849151,312.4221651,64.84387
NMW OS4,N,OS,MW,6.06,6,1.95,1.2923,0.6577,0.337282051,4.016070769,3.976307692,7.395,1.59,13.17,9.986,7.5,2.5,0.25,7.5,2.5,0.25,29.58,6.36,52.68,39.944,383.3247757,83.21053316,682.6757668,522.6040152,300.1142425,160.0717516
NMWC OS4,N,OS,MWC,5.97,6.06,2.04,1.3778,0.6622,0.324607843,4.032091176,4.092876471,10.43,1.366,1.996,0.8985,7.5,2.5,0.25,7.5,2.5,0.25,41.72,5.464,7.984,3.594,537.400932,69.37623576,102.842978,45.63290471,468.0246962,57.21007326
NO UT4,N,UT,O,6.01,6.03,2.06,1.434,0.626,0.303883495,4.183660194,4.197582524,6.276,1.955,2.344,1.202,7.5,2.5,0.25,7.5,2.5,0.25,25.104,7.82,9.376,4.808,310.9832955,96.56260534,116.1479995,59.36994968,214.4206902,56.7780498
NC UT4,N,UT,C,6.1,6.05,1.95,1.3629,0.5871,0.301076923,4.263430769,4.228484615,5.762,1.863,1.221,0.4766,7.5,2.5,0.25,7.5,2.5,0.25,23.048,7.452,4.884,1.9064,280.2271955,91.32679146,59.38170873,23.36357961,188.900404,36.01812912
NMW UT4,N,UT,MW,6.01,6.1,2.02,1.3756,0.6444,0.319009901,4.092750495,4.154039604,5.382,1.994,1.14,0.7351,7.5,2.5,0.25,7.5,2.5,0.25,21.528,7.976,4.56,2.9404,273.0864119,99.73929467,57.84439047,36.76948621,173.3471172,21.07490426
NMWC UT4,N,UT,MWC,5.97,6.07,2.06,1.3883,0.6717,0.326067961,4.023374272,4.090767476,8.553,1.927,2.883,1.155,7.5,2.5,0.25,7.5,2.5,0.25,34.212,7.708,11.532,4.62,441.7182791,97.94150527,148.8920611,58.70391209,343.7767738,90.18814901
NO OM4,N,OM,O,6.03,6.37,2.05,1.3062,0.7438,0.362829268,3.842139512,4.058777561,3.528,2.18,1.672,1.363,7.5,2.5,0.25,7.5,2.5,0.25,14.112,8.72,6.688,5.452,191.683588,112.3870064,90.84324237,70.26765583,79.29658159,20.57558655
NC OM4,N,OM,C,6.04,6.31,2.08,1.3712,0.7088,0.340769231,3.981753846,4.159746154,3.622,1.666,1.343,1.147,7.5,2.5,0.25,7.5,2.5,0.25,14.488,6.664,5.372,4.588,189.4190097,83.54579313,70.23460242,57.51922252,105.8732165,12.71537991
NMW OM4,N,OM,MW,6.1,6.2,2.12,1.3315,0.7885,0.371933962,3.83120283,3.894009434,1.33,1.072,0.3335,0.266,7.5,2.5,0.25,7.5,2.5,0.25,5.32,4.288,1.334,1.064,72.5803392,57.59823939,18.19965648,14.29210044,14.98209981,3.907556038
NMWC OM4,N,OM,MWC,6.07,6.37,1.99,1.3453,0.6447,0.323969849,4.103503015,4.30631206,3.66,1.309,0.8144,0.7112,7.5,2.5,0.25,7.5,2.5,0.25,14.64,5.236,3.2576,2.8448,185.4000139,63.30369612,41.25403587,34.39387982,122.0963177,6.860156055
CO OS4,C,OS,O,6.04,5.88,2.05,1.3811,0.6689,0.326292683,4.069192195,3.961399024,4.011,0.8851,1.046,0.5199,7.5,2.5,0.25,7.5,2.5,0.25,16.044,3.5404,4.184,2.0796,204.9103607,46.40093405,53.43710728,27.2555029,158.5094266,26.18160438
CC OS4,C,OS,C,6.05,6,2.01,1.3788,0.6312,0.314029851,4.150119403,4.115820896,4.916,0.9114,1.066,0.3492,7.5,2.5,0.25,7.5,2.5,0.25,19.664,3.6456,4.264,1.3968,245.9108168,45.9565584,53.32402984,17.60810862,199.9542584,35.71592122
CMW OS4,C,OS,MW,5.95,6.05,2.01,1.3812,0.6288,0.312835821,4.088626866,4.157343284,3.255,0.7485,0.6872,0.2739,7.5,2.5,0.25,7.5,2.5,0.25,13.02,2.994,2.7488,1.0956,165.1495968,37.37161057,34.86660611,13.67546311,127.7779862,21.19114301
CMWC OS4,C,OS,MWC,6.06,5.92,2,1.3914,0.6086,0.3043,4.215942,4.118544,5.395,1.072,1.249,0.687,7.5,2.5,0.25,7.5,2.5,0.25,21.58,4.288,4.996,2.748,265.3724296,53.93280813,61.4365458,34.56328282,211.4396215,26.87326298
CO UT4,C,UT,O,6.15,5.97,1.97,1.3836,0.5864,0.297664975,4.319360406,4.192940102,5.455,1.021,2.041,1.357,7.5,2.5,0.25,7.5,2.5,0.25,21.82,4.084,8.164,5.428,261.8314865,50.43179905,97.96481466,67.02835584,211.3996875,30.93645883
CC UT4,C,UT,C,5.99,6.14,1.96,1.2902,0.6698,0.341734694,3.943009184,4.04174898,13.52,0.9785,4.765,1.663,7.5,2.5,0.25,7.5,2.5,0.25,54.08,3.914,19.06,6.652,713.8459822,50.4515633,251.5884693,85.74445557,663.3944188,165.8440137
CMW UT4,C,UT,MW,6.08,5.93,2,1.3612,0.6388,0.3194,4.138048,4.035958,5.343,1.238,1.458,1.77,7.5,2.5,0.25,7.5,2.5,0.25,21.372,4.952,5.832,7.08,268.2674049,63.67244059,73.20491789,91.03410327,204.5949643,-17.82918538
CMWC UT4,C,UT,MWC,5.97,6,2.1,1.4739,0.6261,0.298142857,4.190087143,4.211142857,5.469,0.7643,1.403,0.5851,7.5,2.5,0.25,7.5,2.5,0.25,21.876,3.0572,5.612,2.3404,270.3374262,37.59760697,69.35151013,28.78236274,232.7398192,40.5691474
CO OM4,C,OM,O,5.94,6.43,2.04,1.3876,0.6524,0.319803922,4.040364706,4.373660784,2.564,1.088,0.7018,0.7744,7.5,2.5,0.25,7.5,2.5,0.25,10.256,4.352,2.8072,3.0976,131.7412408,51.79852747,36.05928346,36.86836367,79.94271332,-0.809080211
CC OM4,C,OM,C,6.1,6.22,2.08,1.3726,0.7074,0.340096154,4.025413462,4.104601923,5.148,1.27,2.353,2.191,7.5,2.5,0.25,7.5,2.5,0.25,20.592,5.08,9.412,8.764,266.3875143,64.49985338,121.7579295,111.2749439,201.8876609,10.4829856
CMW OM4,C,OM,MW,6.04,6.24,2.09,1.3397,0.7503,0.358995215,3.8716689,3.999869856,,1.054,,0.8558,7.5,2.5,0.25,7.5,2.5,0.25,0,4.216,0,3.4232,0,55.06288869,0,44.70855801,-55.06288869,-44.70855801
CMWC OM4,C,OM,MWC,6.07,6.32,2,1.312,0.688,0.344,3.98192,4.14592,,1.213,,0.9621,7.5,2.5,0.25,7.5,2.5,0.25,0,4.852,0,3.8484,0,61.05970114,0,48.42995752,-61.05970114,-48.42995752
SO OS4,S,OS,O,6.07,5.83,2.09,1.4205,0.6695,0.320334928,4.125566986,3.962447368,8.439,1.394,2.314,1.321,7.5,2.5,0.25,7.5,2.5,0.25,33.756,5.576,9.256,5.284,425.017043,72.98859684,116.5409927,69.16638194,352.0284461,47.37461076
SC OS4,S,OS,C,6.11,5.91,2,1.4193,0.5807,0.29035,4.3359615,4.1940315,6,1.139,1.182,0.7556,7.5,2.5,0.25,7.5,2.5,0.25,24,4.556,4.728,3.0224,286.5747134,56.17934736,56.45521853,37.26875757,230.395366,19.18646097
SMW OS4,S,OS,MW,6.03,6.03,2,1.3788,0.6212,0.3106,4.157082,4.157082,5.393,1.134,1.071,0.6415,7.5,2.5,0.25,7.5,2.5,0.25,21.572,4.536,4.284,2.566,269.1798206,56.60113417,53.45662672,32.01907193,212.5786865,21.43755479
SMWC OS4,S,OS,MWC,6.07,5.93,2.02,1.3752,0.6448,0.319207921,4.132407921,4.03709703,6.115,1.194,1.217,0.8042,7.5,2.5,0.25,7.5,2.5,0.25,24.46,4.776,4.868,3.2168,307.4220954,61.39077232,61.18277844,41.34879322,246.0313231,19.83398522
SO UT4,S,UT,O,6.05,5.95,2.08,1.4684,0.6116,0.294038462,4.271067308,4.200471154,6.313,1.245,1.977,1.524,7.5,2.5,0.25,7.5,2.5,0.25,25.252,4.98,7.908,6.096,306.1346296,61.35327305,95.87013508,75.10231979,244.7813566,20.7678153
SC UT4,S,UT,C,6.05,6.04,2.01,1.3995,0.6105,0.303731343,4.212425373,4.205462687,17.8,1.358,5.97,1.958,7.5,2.5,0.25,7.5,2.5,0.25,71.2,5.432,23.88,7.832,876.1782077,66.95225417,293.864264,96.53351521,809.2259535,197.3307488
SMW UT4,S,UT,MW,5.99,6.07,2.01,1.2678,0.7422,0.369253731,3.778170149,3.828629851,8.481,1.1,2.945,2.368,7.5,2.5,0.25,7.5,2.5,0.25,33.924,4.4,11.78,9.472,468.8073977,60.03767343,162.7918626,129.244737,408.7697243,33.54712557
SMWC UT4,S,UT,MWC,5.98,5.97,2.07,1.4103,0.6597,0.318695652,4.0742,4.067386957,7.74,1.051,2.117,1.019,7.5,2.5,0.25,7.5,2.5,0.25,30.96,4.204,8.468,4.076,394.4341387,53.64588803,107.8833426,52.01252131,340.7882507,55.87082128
SO OM4,S,OM,O,6.08,6.29,2.01,1.2698,0.7402,0.368258706,3.840987065,3.973652736,6.046,1.392,2.318,1.537,7.5,2.5,0.25,7.5,2.5,0.25,24.184,5.568,9.272,6.148,328.9124039,73.30721653,126.1030354,80.94338492,255.6051874,45.15965052
SC OM4,S,OM,C,5.95,6.44,1.96,1.2728,0.6872,0.350612245,3.863857143,4.182057143,7.315,1.2,1.871,0.8267,7.5,2.5,0.25,7.5,2.5,0.25,29.26,4.8,7.484,3.3068,394.4350124,59.97960266,100.8869321,41.32094793,334.4554097,59.56598415
SMW OM4,S,OM,MW,6.02,6.28,2.02,1.2997,0.7203,0.356584158,3.873363366,4.040651485,6.676,1.306,1.84,0.5252,7.5,2.5,0.25,7.5,2.5,0.25,26.704,5.224,7.36,2.1008,359.5128195,67.53820706,99.08681663,27.16008143,291.9746124,71.9267352
SMWC OM4,S,OM,MWC,5.97,6.42,1.95,1.2364,0.7136,0.365948718,3.785286154,4.070609231,5.882,1.313,1.401,0.6062,7.5,2.5,0.25,7.5,2.5,0.25,23.528,5.252,5.604,2.4248,324.3617252,67.54246962,77.25786757,31.18373579,256.8192556,46.07413179
NO OS5,N,OS,O,6.02,5.99,1.97,1.2452,0.7248,0.367918782,3.805128934,3.786166497,5.849,1.276,1.335,1.013,7.5,2.5,0.25,7.5,2.5,0.25,23.396,5.104,5.34,4.052,321.0453955,70.37418095,73.27673157,55.86915776,250.6712145,17.40757381
NC OS5,N,OS,C,6.02,6.01,1.99,1.2708,0.7192,0.361407035,3.844329648,3.837943719,6.858,1.029,2.955,2.049,7.5,2.5,0.25,7.5,2.5,0.25,27.432,4.116,11.82,8.196,372.3101607,55.9518845,160.4223571,111.4143939,316.3582762,49.00796316
NMW OS5,N,OS,MW,6.03,6.01,2.01,1.3583,0.6517,0.324228856,4.0749,4.061384577,8.453,1.14,1.588,0.6856,7.5,2.5,0.25,7.5,2.5,0.25,33.812,4.56,6.352,2.7424,431.1040372,58.3263372,80.98819485,35.07766384,372.7777,45.91053101
NMWC OS5,N,OS,MWC,5.98,5.96,2.08,1.4683,0.6117,0.294086538,4.2213625,4.207244231,6.825,1.379,1.451,0.5974,7.5,2.5,0.25,7.5,2.5,0.25,27.3,5.516,5.804,2.3896,334.7286104,67.85158768,71.1635478,29.39415408,266.8770227,41.76939372
NO UT5,N,UT,O,6.07,6.01,1.95,1.3411,0.6089,0.31225641,4.17460359,4.133338974,9.469,1.286,3.377,2.037,7.5,2.5,0.25,7.5,2.5,0.25,37.876,5.144,13.508,8.148,470.8447143,64.56125326,167.9208575,102.2638203,406.283461,65.65703727
NC UT5,N,UT,C,5.97,6.11,2,1.3512,0.6488,0.3244,4.033332,4.127916,17.31,1.672,5.817,3.498,7.5,2.5,0.25,7.5,2.5,0.25,69.24,6.688,23.268,13.992,891.5940697,84.22074911,299.6188737,176.1986725,807.3733206,123.4202012
NMW UT5,N,UT,MW,6.01,6.04,1.97,1.3218,0.6482,0.329035533,4.032496447,4.052625381,16.38,1.354,5.311,2.574,7.5,2.5,0.25,7.5,2.5,0.25,65.52,5.416,21.244,10.296,844.5304485,69.47684389,273.8279128,132.0778406,775.0536046,141.7500722
NMWC UT5,N,UT,MWC,5.99,6.04,2,1.3645,0.6355,0.31775,4.0866775,4.12079,14.03,1.237,4.354,2.355,7.5,2.5,0.25,7.5,2.5,0.25,56.12,4.948,17.416,9.42,712.7585817,62.34150517,221.1939319,118.6857273,650.4170765,102.5082046
NO OM5,N,OM,O,6.12,6.26,2.03,1.3134,0.7166,0.353004926,3.959609852,4.050189163,11.91,2.866,7.258,4.9,7.5,2.5,0.25,7.5,2.5,0.25,47.64,11.464,29.032,19.6,627.5671289,147.7790907,382.4418322,252.657901,479.7880383,129.7839312
NC OM5,N,OM,C,5.95,6.46,2.02,1.3784,0.6416,0.317623762,4.060138614,4.408150495,8.001,1.513,2.675,1.328,7.5,2.5,0.25,7.5,2.5,0.25,32.004,6.052,10.7,5.312,409.0212876,71.46257678,136.7493994,62.72458821,337.5587109,74.02481117
NMW OM5,N,OM,MW,6.04,6.22,2.06,1.2841,0.7759,0.376650485,3.765031068,3.877233981,6.335,1.794,2.94,2.509,7.5,2.5,0.25,7.5,2.5,0.25,25.34,7.176,11.76,10.036,351.8291586,96.87619856,163.2798305,135.4862777,254.95296,27.79355282
NMWC OM5,N,OM,MWC,6.07,6.18,2.08,1.3283,0.7517,0.361394231,3.876337019,3.946583654,5.351,1.882,2.626,2.453,7.5,2.5,0.25,7.5,2.5,0.25,21.404,7.528,10.504,9.812,288.1981512,99.63380806,141.4330677,129.862769,188.5643432,11.57029872
CO OS5,C,OS,O,6.09,5.9,2.04,1.3403,0.6997,0.342990196,4.001189706,3.876357843,5.421,0.9157,1.269,0.6509,7.5,2.5,0.25,7.5,2.5,0.25,21.684,3.6628,5.076,2.6036,282.2894802,49.15753504,66.08104601,34.94227319,233.1319452,31.13877283
CC OS5,C,OS,C,6,6,2,1.3708,0.6292,0.3146,4.1124,4.1124,6.027,1.015,1.14,0.3767,7.5,2.5,0.25,7.5,2.5,0.25,24.108,4.06,4.56,1.5068,304.1791316,51.22645073,57.53512693,19.01182659,252.9526809,38.52330034
CMW OS5,C,OS,MW,5.96,6.06,2.03,1.4502,0.5798,0.285615764,4.257730049,4.329168473,11.16,1.5,2.817,1.328,7.5,2.5,0.25,7.5,2.5,0.25,44.64,6,11.268,5.312,542.0703764,71.69621397,136.8290547,63.4750481,470.3741625,73.35400659
CMWC OS5,C,OS,MWC,6.04,5.95,2.01,1.357,0.653,0.324875622,4.077751244,4.01699005,9.465,0.95,2.16,0.7763,7.5,2.5,0.25,7.5,2.5,0.25,37.86,3.8,8.64,3.1052,482.4450096,49.12768898,110.0983857,40.1450789,433.3173206,69.9533068
CO UT5,C,UT,O,6,6.05,2,1.3521,0.6479,0.32395,4.0563,4.0901025,7.925,0.9246,2.292,1.043,7.5,2.5,0.25,7.5,2.5,0.25,31.7,3.6984,9.168,4.172,405.940214,46.98378217,117.4025199,53.00030803,358.9564318,64.4022119
CC UT5,C,UT,C,5.95,6.07,2.01,1.3427,0.6673,0.33199005,3.974659204,4.054820398,10.68,1.41,3.216,1.748,7.5,2.5,0.25,7.5,2.5,0.25,42.72,5.64,12.864,6.992,558.6357081,72.34984146,168.218393,89.69327864,486.2858666,78.52511436
CMW UT5,C,UT,MW,5.99,6.07,1.99,1.3451,0.6449,0.324070352,4.048818593,4.102892965,16.33,1.486,4.723,2.74,7.5,2.5,0.25,7.5,2.5,0.25,65.32,5.944,18.892,10.96,837.9723348,75.28650805,242.3602778,138.8189987,762.6858267,103.5412792
CMWC UT5,C,UT,MWC,6.07,6.05,2,1.3418,0.6582,0.3291,4.072363,4.058945,20.21,1.711,6.43,3.751,7.5,2.5,0.25,7.5,2.5,0.25,80.84,6.844,25.72,15.004,1032.19899,87.66484405,328.403736,192.1863413,944.5341458,136.2173947
CO OM5,C,OM,O,5.95,6.49,1.98,1.2822,0.6978,0.352424242,3.853075758,4.202766667,4.561,0.8508,1.178,0.4017,7.5,2.5,0.25,7.5,2.5,0.25,18.244,3.4032,4.712,1.6068,246.6746946,42.33970777,63.71032455,19.99043325,204.3349869,43.7198913
CC OM5,C,OM,C,6.12,6.29,2.06,1.3063,0.7537,0.365873786,3.880852427,3.988653883,4.496,1.621,2.184,2.357,7.5,2.5,0.25,7.5,2.5,0.25,17.984,6.484,8.736,9.428,242.0779578,85.02164844,117.5930293,123.6249385,157.0563093,-6.031909231
CMW OM5,C,OM,MW,6.12,6.26,2.02,1.2617,0.7583,0.37539604,3.822576238,3.910020792,4.654,1.01,1.725,0.9571,7.5,2.5,0.25,7.5,2.5,0.25,18.616,4.04,6.9,3.8284,254.6891887,54.09022797,94.4002687,51.25718533,200.5989607,43.14308337
CMWC OM5,C,OM,MWC,6,6.43,2.05,1.3207,0.7293,0.355756098,3.865463415,4.142488293,5.254,1.02,1.651,0.7556,7.5,2.5,0.25,7.5,2.5,0.25,21.016,4.08,6.604,3.0224,283.4484002,51.49876902,89.0699103,38.14948027,231.9496312,50.92043003
SO OS5,S,OS,O,6.07,5.9,2.08,1.425,0.655,0.314903846,4.158533654,4.042067308,5.436,0.8699,0.9539,0.6847,7.5,2.5,0.25,7.5,2.5,0.25,21.744,3.4796,3.8156,2.7388,271.432918,44.64172634,47.63058508,35.13759056,226.7911917,12.49299452
SC OS5,S,OS,C,6.05,5.86,2.1,1.5107,0.5893,0.280619048,4.352254762,4.215572381,4.873,0.6293,0.702,0.334,7.5,2.5,0.25,7.5,2.5,0.25,19.492,2.5172,2.808,1.336,231.5334247,30.83788901,33.35449705,16.36716181,200.6955357,16.98733524
SMW OS5,S,OS,MW,5.99,6,1.99,1.3677,0.6223,0.312713568,4.116845729,4.123718593,4.227,0.85,0.6704,0.2253,7.5,2.5,0.25,7.5,2.5,0.25,16.908,3.4,2.6816,0.9012,213.0444885,42.77191879,33.78874499,11.33707448,170.2725697,22.45167052
SMWC OS5,S,OS,MWC,5.97,5.93,2.01,1.36,0.65,0.323383085,4.039402985,4.012338308,5.055,0.7109,0.7791,0.4008,7.5,2.5,0.25,7.5,2.5,0.25,20.22,2.8436,3.1164,1.6032,259.9484814,36.79476939,40.06446327,20.74461046,223.153712,19.31985282
SO UT5,S,UT,O,5.96,6.09,2.04,1.3947,0.6453,0.316323529,4.074711765,4.163589706,7.528,1.158,2.164,1.133,7.5,2.5,0.25,7.5,2.5,0.25,30.112,4.632,8.656,4.532,383.4307528,57.76821192,110.2210612,56.52105709,325.6625409,53.70000416
SC UT5,S,UT,C,6.04,6.04,2.04,1.3577,0.6823,0.334460784,4.019856863,4.019856863,10.43,1.064,2.249,0.7498,7.5,2.5,0.25,7.5,2.5,0.25,41.72,4.256,8.996,2.9992,539.8899627,55.07602304,116.4153908,38.81203203,484.8139397,77.60335878
SMW UT5,S,UT,MW,5.99,6.07,2.03,1.3065,0.7235,0.356403941,3.855140394,3.906628079,7.021,0.9114,2.276,1.146,7.5,2.5,0.25,7.5,2.5,0.25,28.084,3.6456,9.104,4.584,379.7930159,48.67798645,123.1176334,61.20800139,331.1150295,61.90963204
SMWC UT5,S,UT,MWC,6,5.92,2.08,1.3863,0.6937,0.333509615,3.998942308,3.945623077,4.071,0.5567,0.754,0.2661,7.5,2.5,0.25,7.5,2.5,0.25,16.284,2.2268,3.016,1.0644,211.7522981,29.33289376,39.21916795,14.02098622,182.4194043,25.19818173
SO OM5,S,OM,O,6.08,6.2,2.09,1.3006,0.7894,0.377703349,3.783563636,3.858239234,12.78,1.012,3.93,1.801,7.5,2.5,0.25,7.5,2.5,0.25,51.12,4.048,15.72,7.204,706.5809073,54.91609895,217.2819222,97.73112076,651.6648083,119.5508014
SC OM5,S,OM,C,6.15,6.3,1.98,1.3241,0.6559,0.331262626,4.112734848,4.213045455,7.273,1.022,2.555,0.8597,7.5,2.5,0.25,7.5,2.5,0.25,29.092,4.088,10.22,3.4388,368.0928077,50.54098573,129.3107554,42.51476069,317.551822,86.79599467
SMW OM5,S,OM,MW,6.09,6.2,2.08,1.3054,0.7746,0.372403846,3.822060577,3.891096154,3.102,1.241,0.6514,0.2607,7.5,2.5,0.25,7.5,2.5,0.25,12.408,4.964,2.6056,1.0428,169.6834938,66.73219793,35.63243968,14.01860113,102.9512959,21.61383855
SMWC OM5,S,OM,MWC,6.05,6.31,2.02,1.2792,0.7408,0.366732673,3.831267327,3.995916832,4.094,0.6322,1.034,0.4009,7.5,2.5,0.25,7.5,2.5,0.25,16.376,2.5288,4.136,1.6036,223.1987208,33.1067585,56.3721244,20.9941466,190.0919623,35.3779778
NO OS6,N,OS,O,6.01,5.97,2.04,1.3639,0.6761,0.331421569,4.018156373,3.991413235,7.337,0.5549,1.412,0.6121,7.5,2.5,0.25,7.5,2.5,0.25,29.348,2.2196,5.648,2.4484,379.7404793,28.90496784,73.08076281,31.88453922,350.8355115,41.1962236
NC OS6,N,OS,C,5.99,6.07,1.99,1.3344,0.6556,0.329447236,4.016611055,4.070255276,5.564,0.5672,1.212,0.8139,7.5,2.5,0.25,7.5,2.5,0.25,22.256,2.2688,4.848,3.2556,287.9840065,28.98516501,62.73123938,41.59207652,258.9988415,21.13916286
NMW OS6,N,OS,MW,6.05,5.9,2.1,1.4246,0.6754,0.321619048,4.104204762,4.002447619,5.973,0.7444,1.313,0.5964,7.5,2.5,0.25,7.5,2.5,0.25,23.892,2.9776,5.252,2.3856,302.3944983,38.60891301,66.4731251,30.93277233,263.7855853,35.54035277
NMWC OS6,N,OS,MWC,6.01,5.94,2.04,1.3991,0.6409,0.314166667,4.121858333,4.07385,8.09,0.6461,1.632,0.6528,7.5,2.5,0.25,7.5,2.5,0.25,32.36,2.5844,6.528,2.6112,407.3648652,32.90324338,82.17793078,33.24444712,374.4616218,48.93348366
NO UT6,N,UT,O,6.08,5.93,2.05,1.3817,0.6683,0.326,4.09792,3.99682,20.19,1.042,4.707,1.682,7.5,2.5,0.25,7.5,2.5,0.25,80.76,4.168,18.828,6.728,1024.439906,54.15742872,238.8330183,87.42110854,970.2824776,151.4119097
NC UT6,N,UT,C,6,6.06,2.05,1.3687,0.6813,0.332341463,4.00595122,4.046010732,15.64,0.9242,3.489,1.761,7.5,2.5,0.25,7.5,2.5,0.25,62.56,3.6968,13.956,7.044,811.9788568,47.5246677,181.1377386,90.55500954,764.4541891,90.58272904
NMW UT6,N,UT,MW,6,5.99,2.08,1.3854,0.6946,0.333942308,3.996346154,3.989685577,7.637,0.6616,2.038,1.218,7.5,2.5,0.25,7.5,2.5,0.25,30.548,2.6464,8.152,4.872,397.5150191,34.4923502,106.0803469,63.50012476,363.0226689,42.5802221
NMWC UT6,N,UT,MWC,6.07,5.82,2.06,1.4119,0.6481,0.31461165,4.160307282,3.988960194,7.378,0.4836,1.636,0.7501,7.5,2.5,0.25,7.5,2.5,0.25,29.512,1.9344,6.544,3.0004,368.2321396,25.13486185,81.65190842,38.9860626,343.0972777,42.66584582
NO OM6,N,OM,O,6.11,6.33,1.99,1.2541,0.7359,0.369798995,3.850528141,3.989172362,5.248,0.8059,1.232,0.6625,7.5,2.5,0.25,7.5,2.5,0.25,20.992,3.2236,4.928,2.65,284.9039906,42.29596434,66.88294902,34.76991733,242.6080263,32.11303169
NC OM6,N,OM,C,5.98,6.42,2,1.3835,0.6165,0.30825,4.136665,4.441035,3.102,0.6279,0.7692,0.4211,7.5,2.5,0.25,7.5,2.5,0.25,12.408,2.5116,3.0768,1.6844,155.5050024,29.39638361,38.56042806,19.71463153,126.1086188,18.84579652
NMW OM6,N,OM,MW,6.01,6.36,2.08,1.3568,0.7232,0.347692308,3.920369231,4.148676923,3.219,0.4151,0.6292,0.2368,7.5,2.5,0.25,7.5,2.5,0.25,12.876,1.6604,2.5168,0.9472,171.0823768,20.89622365,33.44051925,11.92056314,150.1861531,21.51995611
NMWC OM6,N,OM,MWC,6.13,6.34,1.97,1.2693,0.7007,0.355685279,3.949649239,4.08495533,4.869,0.6562,1.073,0.4169,7.5,2.5,0.25,7.5,2.5,0.25,19.476,2.6248,4.292,1.6676,257.3050036,33.57663185,56.70327969,21.33206007,223.7283717,35.37121962
CO OS6,C,OS,O,5.99,6.06,1.97,1.3107,0.6593,0.334670051,3.985326396,4.031899492,4.673,0.5769,1.019,0.9318,7.5,2.5,0.25,7.5,2.5,0.25,18.692,2.3076,4.076,3.7272,243.912609,29.77753909,53.18787686,48.09622278,214.1350699,5.091654084
CC OS6,C,OS,C,5.97,6.09,1.98,1.3433,0.6367,0.321565657,4.05025303,4.131665152,7.635,0.6559,1.434,0.6165,7.5,2.5,0.25,7.5,2.5,0.25,30.54,2.6236,5.736,2.466,391.4888923,32.99344993,73.52915149,31.01152902,358.4954424,42.51762247
CMW OS6,C,OS,MW,5.99,5.97,2.03,1.3997,0.6303,0.310492611,4.130149261,4.116359113,6.901,0.7817,1.179,0.5668,7.5,2.5,0.25,7.5,2.5,0.25,27.604,3.1268,4.716,2.2672,346.6071634,39.38819716,59.21603328,28.55984412,307.2189662,30.65618916
CMWC OS6,C,OS,MWC,5.97,6,2.02,1.3465,0.6735,0.333415842,3.979507426,3.99950495,4.604,0.378,0.7308,0.2557,7.5,2.5,0.25,7.5,2.5,0.25,18.416,1.512,2.9232,1.0228,240.59684,19.65862013,38.1903064,13.2981724,220.9382198,24.892134
CO UT6,C,UT,O,6.03,6.06,1.98,1.3468,0.6332,0.31979798,4.101618182,4.122024242,6.84,0.8679,2.177,1.63,7.5,2.5,0.25,7.5,2.5,0.25,27.36,3.4716,8.708,6.52,346.3902449,43.74255609,110.2473046,82.1527439,302.6476888,28.09456066
CC UT6,C,UT,C,6.02,6.12,1.98,1.3365,0.6435,0.325,4.0635,4.131,6.077,0.3567,1.381,0.8484,7.5,2.5,0.25,7.5,2.5,0.25,24.308,1.4268,5.524,3.3936,310.8056114,17.95640407,70.6306647,42.70875585,292.8492074,27.92190885
CMW UT6,C,UT,MW,5.98,6.09,1.97,1.3267,0.6433,0.326548223,4.027241624,4.10132132,8.076,0.6508,2.105,1.512,7.5,2.5,0.25,7.5,2.5,0.25,32.304,2.6032,8.42,6.048,416.73236,32.99837242,108.6208046,76.66493409,383.7339876,31.9558705
CMWC UT6,C,UT,MWC,6,5.9,2.02,1.4568,0.5632,0.278811881,4.327128713,4.255009901,4.257,0.3585,1.041,0.4894,7.5,2.5,0.25,7.5,2.5,0.25,17.028,1.434,4.164,1.9576,203.341687,17.4051101,49.72485228,23.7602814,185.9365769,25.96457088
CO OM6,C,OM,O,6.08,6.32,1.98,1.2874,0.6926,0.34979798,3.953228283,4.109276768,4.755,2.564,1.616,1.419,7.5,2.5,0.25,7.5,2.5,0.25,19.02,10.256,6.464,5.676,250.7953316,130.3083749,85.23349229,72.11684241,120.4869567,13.11664989
CC OM6,C,OM,C,6,6.43,2.02,1.3363,0.6837,0.338465347,3.969207921,4.253667822,4.826,1.48,3.085,2.972,7.5,2.5,0.25,7.5,2.5,0.25,19.304,5.92,12.34,11.888,253.0485755,72.61589279,161.760227,145.8205631,180.4326827,15.93966391
CMW OM6,C,OM,MW,6.06,6.29,2.06,1.3219,0.7381,0.358300971,3.888696117,4.036286893,6.19,1.192,1.316,0.8622,7.5,2.5,0.25,7.5,2.5,0.25,24.76,4.768,5.264,3.4488,332.1837051,61.72646065,70.6225777,44.64811609,270.4572445,25.97446162
CMWC OM6,C,OM,MWC,5.95,6.33,2.09,1.3556,0.7344,0.35138756,3.859244019,4.105716746,7.99,1.339,2.7,2.009,7.5,2.5,0.25,7.5,2.5,0.25,31.96,5.356,10.8,8.036,431.3851503,68.12775415,145.7747066,102.217071,363.2573961,43.55763559
SO OS6,S,OS,O,6.02,5.93,2.01,1.3999,0.6101,0.303532338,4.192735323,4.130053234,9.319,0.5339,2.408,0.7779,7.5,2.5,0.25,7.5,2.5,0.25,37.276,2.1356,9.632,3.1116,460.7763117,26.78511875,119.0631354,39.02630432,433.9911929,80.03683105
SC OS6,S,OS,C,6.07,5.87,2.05,1.4217,0.6283,0.306487805,4.209619024,4.070916585,13.42,0.6831,3.899,0.97,7.5,2.5,0.25,7.5,2.5,0.25,53.68,2.7324,15.596,3.88,661.3104974,34.76755481,192.1348457,49.36982604,626.5429426,142.7650197
SMW OS6,S,OS,MW,6.04,5.9,2.05,1.4131,0.6369,0.310682927,4.163475122,4.066970732,4.076,0.7286,0.7478,0.568,7.5,2.5,0.25,7.5,2.5,0.25,16.304,2.9144,2.9912,2.272,203.146371,37.14366059,37.27008248,28.95635358,166.0027104,8.313728906
SMWC OS6,S,OS,MWC,6.08,5.84,2.06,1.394,0.666,0.323300971,4.114330097,3.95192233,5.04,0.5172,0.9241,0.3395,7.5,2.5,0.25,7.5,2.5,0.25,20.16,2.0688,3.6964,1.358,254.6290357,27.16299717,46.68704204,17.83031234,227.4660385,28.85672971
SO UT6,S,UT,O,6.03,5.96,2.07,1.3824,0.6876,0.332173913,4.026991304,3.980243478,10.3,0.7362,2.751,1.018,7.5,2.5,0.25,7.5,2.5,0.25,41.2,2.9448,11.004,4.072,532.0408703,38.45744308,142.1014014,53.17804544,493.5834272,88.92335594
SC UT6,S,UT,C,6.02,5.95,1.98,1.3368,0.6432,0.324848485,4.064412121,4.017151515,11.51,0.7105,3.164,0.9106,7.5,2.5,0.25,7.5,2.5,0.25,46.04,2.842,12.656,3.6424,588.5316731,36.74074897,161.7822949,47.08814358,551.7909241,114.6941513
SMW UT6,S,UT,MW,5.98,6.07,1.97,1.2948,0.6752,0.342741117,3.930408122,3.989561421,4.884,0.4301,1.1,0.591,7.5,2.5,0.25,7.5,2.5,0.25,19.536,1.7204,4.4,2.364,258.7112573,22.45840509,58.2683012,30.86007303,236.2528522,27.40822817
SMWC UT6,S,UT,MWC,5.92,5.97,2.08,1.4308,0.6492,0.312115385,4.072276923,4.106671154,5.982,0.513,1.338,0.8159,7.5,2.5,0.25,7.5,2.5,0.25,23.928,2.052,5.352,3.2636,304.6483187,25.91479736,68.14099806,41.21614653,278.7335213,26.92485153
SO OM6,S,OM,O,6.07,6.2,2.09,1.3322,0.7578,0.362583732,3.869116746,3.951980861,4.556,1.736,3.308,4.515,7.5,2.5,0.25,7.5,2.5,0.25,18.224,6.944,13.232,18.06,245.872368,91.80465636,178.5219037,238.7661425,154.0677116,-60.24423884
SC OM6,S,OM,C,6,6.28,2.04,1.2857,0.7543,0.369754902,3.781470588,3.957939216,2.427,1.18,0.607,0.5051,7.5,2.5,0.25,7.5,2.5,0.25,9.708,4.72,2.428,2.0204,134.0582907,62.39613937,33.52838174,26.70872033,71.66215137,6.819661404
SMW OM6,S,OM,MW,6.05,6.18,2.05,1.344,0.706,0.344390244,3.966439024,4.051668293,5.437,1.021,1.324,0.8237,7.5,2.5,0.25,7.5,2.5,0.25,21.748,4.084,5.296,3.2948,285.5743596,52.544308,69.54211,42.39054506,233.0300516,27.15156494
SMWC OM6,S,OM,MWC,6.06,6.26,2.02,1.308,0.712,0.352475248,3.924,4.05350495,4.346,1.008,1.157,0.6203,7.5,2.5,0.25,7.5,2.5,0.25,17.384,4.032,4.628,2.4812,230.9715148,51.92952534,61.48965545,31.95623469,179.0419894,29.53342076
NO OS7,N,OS,O,6.07,5.91,2.02,1.2696,0.7504,0.371485149,3.815085149,3.714522772,4.934,1.987,1.53,1.73,7.5,2.5,0.25,7.5,2.5,0.25,19.736,7.948,6.12,6.92,270.3224068,111.6831632,83.82514844,97.23798306,158.6392436,-13.41283462
NC OS7,N,OS,C,6.04,5.87,2.05,1.3529,0.6971,0.34004878,3.986105366,3.873913659,8.316,1.223,2.134,1.638,7.5,2.5,0.25,7.5,2.5,0.25,33.264,4.892,8.536,6.552,434.3891072,65.66095086,111.4702206,87.94164964,368.7281563,23.52857099
NMW OS7,N,OS,MW,6,5.82,2.03,1.3985,0.6315,0.311083744,4.133497537,4.009492611,9.831,1.417,1.598,0.5774,7.5,2.5,0.25,7.5,2.5,0.25,39.324,5.668,6.392,2.3096,493.4316096,73.24167529,80.20585008,29.84456127,420.1899343,50.36128881
NMWC OS7,N,OS,MWC,6.01,5.9,2.05,1.4181,0.6319,0.308243902,4.157454146,4.081360976,9.47,1.106,1.391,0.5338,7.5,2.5,0.25,7.5,2.5,0.25,37.88,4.424,5.564,2.1352,472.4464463,56.16892512,69.39524886,27.10937815,416.2775211,42.28587072
NO UT7,N,UT,O,6.06,5.93,2,1.3644,0.6356,0.3178,4.134132,4.045446,6.149,0.8681,2.245,1.624,7.5,2.5,0.25,7.5,2.5,0.25,24.596,3.4724,8.98,6.496,308.9327214,44.53499696,112.7913416,83.31394432,264.3977244,29.47739728
NC UT7,N,UT,C,6.06,5.98,2.01,1.3419,0.6681,0.33238806,4.045728358,3.992319403,14.77,1.006,3.402,1.947,7.5,2.5,0.25,7.5,2.5,0.25,59.08,4.024,13.608,7.788,759.5673502,52.40022293,174.9524797,101.4147456,707.1671273,73.53773414
NMW UT7,N,UT,MW,6.01,5.94,2.05,1.3867,0.6633,0.323560976,4.065398537,4.018047805,10.02,1.182,3.066,2.066,7.5,2.5,0.25,7.5,2.5,0.25,40.08,4.728,12.264,8.264,512.1120618,61.09608494,156.7001578,106.7889268,451.0159769,49.91123103
NMWC UT7,N,UT,MWC,6.04,5.95,2.03,1.4001,0.6299,0.310295567,4.165814778,4.103741379,8.747,0.8796,2.366,1.476,7.5,2.5,0.25,7.5,2.5,0.25,34.988,3.5184,9.464,5.904,435.682835,44.45111411,117.849044,74.59054619,391.2317208,43.25849777
NO OM7,N,OM,O,6.03,6.29,2.01,1.2908,0.7192,0.357810945,3.8724,4.039369154,8.847,1.136,3.052,1.917,7.5,2.5,0.25,7.5,2.5,0.25,35.388,4.544,12.208,7.668,476.6432055,58.77820459,164.4303225,99.18822025,417.8650009,65.24210224
NC OM7,N,OM,C,6,6.34,2.03,1.2763,0.7537,0.371280788,3.772315271,3.986079803,4.735,0.9898,1.105,0.6602,7.5,2.5,0.25,7.5,2.5,0.25,18.94,3.9592,4.42,2.6408,262.2241986,52.00087582,61.19487634,34.6847628,210.2233228,26.51011354
NMW OM7,N,OM,MW,6.03,6.28,2.05,1.3073,0.7427,0.362292683,3.845375122,4.004801951,3.577,0.6449,0.8635,0.4029,7.5,2.5,0.25,7.5,2.5,0.25,14.308,2.5796,3.454,1.6116,194.1702926,33.67185257,46.8733709,21.03642332,160.4984401,25.83694757
NMWC OM7,N,OM,MWC,6,6.23,2.06,1.3309,0.7291,0.353932039,3.876407767,4.025003398,2.275,0.7174,0.9492,0.7103,7.5,2.5,0.25,7.5,2.5,0.25,9.1,2.8696,3.7968,2.8412,122.361918,37.21921286,51.05315717,36.85085991,85.14270514,14.20229727
CO OS7,C,OS,O,6.03,5.81,2.04,1.4532,0.5868,0.287647059,4.295488235,4.138770588,7.365,0.7026,1.508,0.5469,7.5,2.5,0.25,7.5,2.5,0.25,29.46,2.8104,6.032,2.1876,354.8138496,35.08694673,72.64891856,27.31148757,319.7269029,45.33743099
CC OS7,C,OS,C,6.03,5.97,2.01,1.3721,0.6379,0.317363184,4.1163,4.075341791,6.388,1.008,0.8951,0.3605,7.5,2.5,0.25,7.5,2.5,0.25,25.552,4.032,3.5804,1.442,322.2551472,51.34275176,45.15506923,18.36216469,270.9123954,26.79290454
CMW OS7,C,OS,MW,5.98,5.87,2.07,1.4893,0.5807,0.280531401,4.302422222,4.223280676,5.619,0.6004,0.9364,0.3881,7.5,2.5,0.25,7.5,2.5,0.25,22.476,2.4016,3.7456,1.5524,269.9654237,29.36929147,44.98943277,18.98438044,240.5961322,26.00505233
CMWC OS7,C,OS,MWC,5.94,5.96,2,1.3594,0.6406,0.3203,4.037418,4.051012,6.718,0.5765,1.19,0.5639,7.5,2.5,0.25,7.5,2.5,0.25,26.872,2.306,4.76,2.2556,345.4500335,29.54869705,61.19165524,28.90287991,315.9013365,32.28877534
CO UT7,C,UT,O,6.03,5.94,2.04,1.389,0.651,0.319117647,4.105720588,4.044441176,7.519,0.5954,1.639,0.6714,7.5,2.5,0.25,7.5,2.5,0.25,30.076,2.3816,6.556,2.6856,380.3655397,30.55909519,82.91250427,34.45981946,349.8064446,48.45268481
CC UT7,C,UT,C,5.97,6.06,1.95,1.3071,0.6429,0.329692308,4.001736923,4.062064615,8.045,0.7777,1.431,0.8625,7.5,2.5,0.25,7.5,2.5,0.25,32.18,3.1108,5.724,3.45,417.90321,39.82092672,74.33430622,44.16297968,378.0822833,30.17132654
CMW UT7,C,UT,MW,5.94,5.97,2.03,1.4125,0.6175,0.304187192,4.133128079,4.154002463,8.617,0.76,2.131,1.196,7.5,2.5,0.25,7.5,2.5,0.25,34.468,3.04,8.524,4.784,432.0406306,37.92020682,106.8444451,59.67443073,394.1204237,47.17001441
CMWC UT7,C,UT,MWC,6.03,6.01,1.95,1.3291,0.6209,0.318410256,4.109986154,4.096354359,5.921,0.6768,1.396,0.8988,7.5,2.5,0.25,7.5,2.5,0.25,23.684,2.7072,5.584,3.5952,299.1916668,34.308707,70.54071388,45.56244955,264.8829598,24.97826433
CO OM7,C,OM,O,6.01,6.24,1.95,1.2547,0.6953,0.356564103,3.867049744,4.01504,13.73,4.44,6.844,6.577,7.5,2.5,0.25,7.5,2.5,0.25,54.92,17.76,27.376,26.308,740.5363308,231.010224,369.135517,342.1969016,509.5261068,26.93861539
CC OM7,C,OM,C,6.04,6.31,1.97,1.2501,0.7199,0.365431472,3.832793909,4.004127411,3.083,1.585,1.179,1.153,7.5,2.5,0.25,7.5,2.5,0.25,12.332,6.34,4.716,4.612,167.9764894,82.81935068,64.23752223,60.24650557,85.15713876,3.991016665
CMW OM7,C,OM,MW,,#VALUE!,,0,0,#DIV/0!,#DIV/0!,#VALUE!,,,,,7.5,2.5,0.25,7.5,2.5,0.25,0,0,0,0,#DIV/0!,#VALUE!,#DIV/0!,#VALUE!,#DIV/0!,#DIV/0!
CMWC OM7,C,OM,MWC,5.97,6.37,1.98,1.2747,0.7053,0.356212121,3.843413636,4.100928788,2.121,0.932,0.6839,0.7093,7.5,2.5,0.25,7.5,2.5,0.25,8.484,3.728,2.7356,2.8372,115.0648878,47.5158452,37.10178064,36.16200537,67.54904256,0.939775274
SO OS7,S,OS,O,5.97,6.1,1.97,1.344,0.626,0.317766497,4.07293401,4.161624365,9.51,0.6392,2.069,0.7002,7.5,2.5,0.25,7.5,2.5,0.25,38.04,2.5568,8.276,2.8008,484.7032595,31.90966487,105.4522654,34.9548613,452.7935946,70.49740408
SC OS7,S,OS,C,5.97,6.08,2,1.4018,0.5982,0.2991,4.184373,4.261472,6.412,0.6378,1.127,0.4819,7.5,2.5,0.25,7.5,2.5,0.25,25.648,2.5512,4.508,1.9276,317.4185861,31.02201038,55.79082135,23.43917655,286.3965757,32.3516448
SMW OS7,S,OS,MW,6.02,5.93,2.05,1.3948,0.6552,0.319609756,4.095949268,4.034714146,9.52,0.7083,1.742,0.8359,7.5,2.5,0.25,7.5,2.5,0.25,38.08,2.8332,6.968,3.3436,482.7373882,36.4411749,88.3328288,43.00603995,446.2962133,45.32678885
SMWC OS7,S,OS,MWC,6.06,5.94,2.01,1.4003,0.6097,0.303333333,4.2218,4.1382,7.394,0.6076,1.655,0.5169,7.5,2.5,0.25,7.5,2.5,0.25,29.576,2.4304,6.62,2.0676,363.1547215,30.42363702,81.28496944,25.88212307,332.7310845,55.40284638
SO UT7,S,UT,O,6.02,6.09,1.97,1.2931,0.6769,0.343604061,3.951503553,3.997451269,12.3,1.034,4.263,2.852,7.5,2.5,0.25,7.5,2.5,0.25,49.2,4.136,17.052,11.408,648.3025994,53.89803829,224.6921936,148.6626743,594.4045611,76.02951933
SC UT7,S,UT,C,5.96,6.12,1.99,1.3202,0.6698,0.336582915,3.953965829,4.060112563,15.81,1.641,4.391,2.817,7.5,2.5,0.25,7.5,2.5,0.25,63.24,6.564,17.564,11.268,831.7880688,84.16542543,231.017167,144.4814159,747.6226433,86.53575111
SMW UT7,S,UT,MW,6.05,5.88,2.06,1.3506,0.7094,0.344368932,3.966567961,3.85511068,6.087,0.6396,1.478,1.281,7.5,2.5,0.25,7.5,2.5,0.25,24.348,2.5584,5.912,5.124,319.7039395,34.52572128,77.62812921,69.14860688,285.1782182,8.479522327
SMWC UT7,S,UT,MWC,5.95,6.12,1.97,1.3379,0.6321,0.320862944,4.040865482,4.156318782,11.2,0.6871,3.324,1.966,7.5,2.5,0.25,7.5,2.5,0.25,44.8,2.7484,13.296,7.864,575.5027572,34.36141186,170.8009969,98.31834625,541.1413453,72.48265061
SO OM7,S,OM,O,5.96,6.39,2.03,1.2874,0.7426,0.365812808,3.779755665,4.052456158,2.86,0.6566,0.7118,0.5919,7.5,2.5,0.25,7.5,2.5,0.25,11.44,2.6264,2.8472,2.3676,157.9313713,33.92000303,39.30613638,30.5775964,124.0113682,8.728539989
SC OM7,S,OM,C,6.01,6.34,2.04,1.3127,0.7273,0.356519608,3.867317157,4.079665686,4.727,1.126,1.659,1.496,7.5,2.5,0.25,7.5,2.5,0.25,18.908,4.504,6.636,5.984,254.9348314,57.69603783,89.47257991,76.65477139,197.2387935,12.81780852
SMW OM7,S,OM,MW,6.09,6.27,2.02,1.3094,0.7106,0.351782178,3.947646535,4.064325743,2.102,0.6228,0.5039,0.2943,7.5,2.5,0.25,7.5,2.5,0.25,8.408,2.4912,2.0156,1.1772,111.0567788,31.99910242,26.62298327,15.12096314,79.05767637,11.50202013
SMWC OM7,S,OM,MWC,5.97,6.45,2.05,1.3432,0.7068,0.344780488,3.911660488,4.226165854,2.549,0.9192,0.7318,0.5543,7.5,2.5,0.25,7.5,2.5,0.25,10.196,3.6768,2.9272,2.2172,135.6934814,45.43517695,38.95664562,27.39851891,90.25830445,11.55812671
NO OS8,N,OS,O,6.12,5.88,2.04,1.3153,0.7247,0.355245098,3.9459,3.791158824,7.971,0.6941,2.39,1.218,7.5,2.5,0.25,7.5,2.5,0.25,31.884,2.7764,9.56,4.872,421.5816428,38.1465049,126.4057366,66.93911968,383.4351379,59.46661691
NC OS8,N,OS,C,6.03,6.05,1.96,1.2621,0.6979,0.356071429,3.882889286,3.895767857,8.059,0.8614,2.169,1.618,7.5,2.5,0.25,7.5,2.5,0.25,32.236,3.4456,8.676,6.472,432.9287129,46.12765156,116.5184736,86.64330186,386.8010614,29.87517169
NMW OS8,N,OS,MW,6,6.01,2,1.367,0.633,0.3165,4.101,4.107835,9.282,0.7273,2.082,1.13,7.5,2.5,0.25,7.5,2.5,0.25,37.128,2.9092,8.328,4.52,469.8624901,36.75750813,105.392556,57.10983664,433.104982,48.28271932
NMWC OS8,N,OS,MWC,5.98,5.93,2.06,1.4307,0.6293,0.305485437,4.153197087,4.118471359,7.737,0.8829,1.932,1.061,7.5,2.5,0.25,7.5,2.5,0.25,30.948,3.5316,7.728,4.244,386.1930611,44.4285218,96.43595632,53.39071427,341.7645393,43.04524205
NO UT8,N,UT,O,6.01,5.98,2.04,1.3796,0.6604,0.32372549,4.064409804,4.044121569,9.365,1.744,3.527,2.148,7.5,2.5,0.25,7.5,2.5,0.25,37.46,6.976,14.108,8.592,478.7612231,89.58798142,180.3086849,110.3411606,389.1732416,69.96752426
NC UT8,N,UT,C,5.94,6.07,2.02,1.3551,0.6649,0.329158416,3.98479901,4.072008416,10.31,0.7014,2.317,0.8588,7.5,2.5,0.25,7.5,2.5,0.25,41.24,2.8056,9.268,3.4352,537.7015211,35.82644,120.8394204,43.86619143,501.8750811,76.97322897
NMW UT8,N,UT,MW,6.05,6.12,1.94,1.317,0.623,0.321134021,4.107139175,4.154659794,13.2,0.8391,3.613,1.532,7.5,2.5,0.25,7.5,2.5,0.25,52.8,3.3564,14.452,6.128,667.7599503,41.9809266,182.7739925,76.6473359,625.7790237,106.1266566
NMWC UT8,N,UT,MWC,5.99,6.04,2.06,1.4463,0.6137,0.297912621,4.205503398,4.240607767,3.713,0.4625,0.8402,0.5604,7.5,2.5,0.25,7.5,2.5,0.25,14.852,1.85,3.3608,2.2416,182.8802097,22.5979107,41.38323518,27.38133872,160.282299,14.00189647
NO OM8,N,OM,O,6.01,6.36,2.01,1.301,0.709,0.352736318,3.890054726,4.116597015,3.746,0.9709,0.9792,0.8621,7.5,2.5,0.25,7.5,2.5,0.25,14.984,3.8836,3.9168,3.4484,200.7594533,49.28645653,52.47828527,43.76336819,151.4729967,8.71491708
NC OM8,N,OM,C,5.94,6.47,1.99,1.348,0.642,0.322613065,4.023678392,4.382693467,3.704,1.207,1.667,1.894,7.5,2.5,0.25,7.5,2.5,0.25,14.816,4.828,6.668,7.576,191.1664268,57.37967253,86.03521424,90.03902217,133.7867543,-4.003807936
NMW OM8,N,OM,MW,6.07,6.3,2.02,1.2566,0.7634,0.377920792,3.776020792,3.91909901,6.643,1.265,1.493,1.402,7.5,2.5,0.25,7.5,2.5,0.25,26.572,5.06,5.972,5.608,367.9946939,67.6296665,82.70601806,74.95398611,300.3650274,7.752031951
NMWC OM8,N,OM,MWC,6.07,6.36,1.97,1.2634,0.7066,0.358680203,3.892811168,4.078793909,7.02,0.8132,5.996,2.692,7.5,2.5,0.25,7.5,2.5,0.25,28.08,3.2528,23.984,10.768,376.3695179,41.69377296,321.4688931,138.02218,334.6757449,183.446713
CO OS8,C,OS,O,6.05,5.91,2.03,1.3539,0.6761,0.333054187,4.035022167,3.941649754,5.928,0.8563,1.135,0.6038,7.5,2.5,0.25,7.5,2.5,0.25,23.712,3.4252,4.54,2.4152,305.6684953,45.15926183,58.52458538,31.84300163,260.5092335,26.68158376
CC OS8,C,OS,C,6,5.9,2.01,1.3542,0.6558,0.326268657,4.04238806,3.975014925,9.835,1.073,1.406,0.4473,7.5,2.5,0.25,7.5,2.5,0.25,39.34,4.292,5.624,1.7892,505.6447881,56.06571048,72.28638251,23.37203383,449.5790776,48.91434869
CMW OS8,C,OS,MW,6.05,5.83,2.01,1.3423,0.6677,0.332189055,4.040256219,3.893337811,7.714,0.5294,1.327,0.4914,7.5,2.5,0.25,7.5,2.5,0.25,30.856,2.1176,5.308,1.9656,397.205664,28.24853152,68.32926058,26.22086964,368.9571325,42.10839094
CMWC OS8,C,OS,MWC,6.01,5.81,2.01,1.3496,0.6604,0.328557214,4.035371144,3.901082587,6.032,0.4661,0.9367,0.3439,7.5,2.5,0.25,7.5,2.5,0.25,24.128,1.8644,3.7468,1.3756,310.762951,24.80823809,48.25790056,18.30412589,285.9547129,29.95377467
CO UT8,C,UT,O,6,5.87,2.03,1.3587,0.6713,0.330689655,4.015862069,3.928851724,4.968,0.7781,1.082,0.677,7.5,2.5,0.25,7.5,2.5,0.25,19.872,3.1124,4.328,2.708,257.237119,41.14729729,56.02467044,35.80095137,216.0898217,20.22371907
CC UT8,C,UT,C,6.02,5.89,2.03,1.289,0.741,0.365024631,3.822551724,3.740004926,7.609,0.6738,1.429,0.6384,7.5,2.5,0.25,7.5,2.5,0.25,30.436,2.6952,5.716,2.5536,415.6075968,37.58141219,78.05273437,35.60696578,378.0261846,42.44576859
CMW UT8,C,UT,MW,6,6,2.01,1.357,0.653,0.324875622,4.050746269,4.050746269,6.461,0.6875,1.577,1.167,7.5,2.5,0.25,7.5,2.5,0.25,25.844,2.75,6.308,4.668,331.4393014,35.26768607,80.89765954,59.86529403,296.1716153,21.03236551
CMWC UT8,C,UT,MWC,6.03,5.8,2.04,1.3649,0.6751,0.330931373,4.034483824,3.880598039,6.565,0.6796,1.453,0.827,7.5,2.5,0.25,7.5,2.5,0.25,26.26,2.7184,5.812,3.308,338.4329482,36.37009061,74.90374314,44.25848283,302.0628576,30.64526031
CO OM8,C,OM,O,6.07,6.11,2.1,1.3385,0.7615,0.362619048,3.868902381,3.894397619,2.205,0.6575,0.7429,0.57,7.5,2.5,0.25,7.5,2.5,0.25,8.82,2.63,2.9716,2.28,119.0036955,35.26271524,40.09426096,30.56995846,83.7409803,9.524302502
CC OM8,C,OM,C,5.96,6.27,2.09,1.3214,0.7686,0.367751196,3.768202871,3.9642,5.111,0.8376,0.8563,0.1708,7.5,2.5,0.25,7.5,2.5,0.25,20.444,3.3504,3.4252,0.6832,283.1612673,44.20699065,47.44100826,9.014510509,238.9542767,38.42649775
CMW OM8,C,OM,MW,,#VALUE!,,0,0,#DIV/0!,#DIV/0!,#VALUE!,,,,,7.5,2.5,0.25,7.5,2.5,0.25,0,0,0,0,#DIV/0!,#VALUE!,#DIV/0!,#VALUE!,#DIV/0!,#DIV/0!
CMWC OM8,C,OM,MWC,6.14,6.25,2.05,1.2762,0.7738,0.377463415,3.822374634,3.890853659,2.241,0.7908,0.6016,0.4985,7.5,2.5,0.25,7.5,2.5,0.25,8.964,3.1632,2.4064,1.994,122.692106,42.5671244,32.93689021,26.83322144,80.1249816,6.103668775
SO OS8,S,OS,O,6.05,5.91,1.96,1.3387,0.6213,0.316989796,4.132211735,4.036590306,6.372,0.5263,1.413,0.8971,7.5,2.5,0.25,7.5,2.5,0.25,25.488,2.1052,5.652,3.5884,320.2354265,27.05350155,71.01265814,46.11380626,293.181925,24.89885187
SC OS8,S,OS,C,6.03,5.89,1.97,1.3305,0.6395,0.324619289,4.072545685,3.977992386,5.75,0.416,1.014,0.2796,7.5,2.5,0.25,7.5,2.5,0.25,23,1.664,4.056,1.1184,293.4335282,21.71486828,51.7463648,14.59489704,271.7186599,37.15146776
SMW OS8,S,OS,MW,6.11,5.8,1.94,1.323,0.617,0.318041237,4.166768041,3.955360825,5.649,0.4448,1.056,0.4045,7.5,2.5,0.25,7.5,2.5,0.25,22.596,1.7792,4.224,1.618,281.6833713,23.32075027,52.6566897,21.20783157,258.362621,31.44885812
SMWC OS8,S,OS,MWC,5.95,5.93,2.08,1.3999,0.6801,0.326971154,4.004521635,3.991061058,6.007,0.5467,1.035,0.3813,7.5,2.5,0.25,7.5,2.5,0.25,24.028,2.1868,4.14,1.5252,311.6841581,28.4586154,53.70286393,19.84867396,283.2255427,33.85418997
SO UT8,S,UT,O,6,5.73,2.05,1.3983,0.6517,0.317902439,4.092585366,3.908419024,8.294,0.599,2.47,1.766,7.5,2.5,0.25,7.5,2.5,0.25,33.176,2.396,9.88,7.064,420.7805663,31.76847396,125.310827,93.66131055,389.0120923,31.6495164
SC UT8,S,UT,C,6.03,5.9,2.03,1.3336,0.6964,0.343054187,3.961383251,3.875980296,13.44,1.172,3.608,1.568,7.5,2.5,0.25,7.5,2.5,0.25,53.76,4.688,14.432,6.272,706.6240903,62.92307643,189.6949195,84.18377461,643.7010139,105.5111449
SMW UT8,S,UT,MW,6.04,5.89,2.04,1.3494,0.6906,0.338529412,3.995282353,3.896061765,6.369,0.4066,1.558,0.9755,7.5,2.5,0.25,7.5,2.5,0.25,25.476,1.6264,6.232,3.902,331.8642112,21.70472294,81.18141641,52.0731855,310.1594883,29.10823091
SMWC UT8,S,UT,MWC,6,5.97,1.96,1.3683,0.5917,0.301887755,4.188673469,4.167730102,3.919,0.5013,0.8881,0.6121,7.5,2.5,0.25,7.5,2.5,0.25,15.676,2.0052,3.5524,2.4484,193.9025232,24.92337773,43.94101324,30.43207562,168.9791455,13.50893762
SO OM8,S,OM,O,,#VALUE!,,0,0,#DIV/0!,#DIV/0!,#VALUE!,,,,,7.5,2.5,0.25,7.5,2.5,0.25,0,0,0,0,#DIV/0!,#VALUE!,#DIV/0!,#VALUE!,#DIV/0!,#DIV/0!
SC OM8,S,OM,C,6.08,6.23,1.98,1.2549,0.7251,0.366212121,3.853430303,3.948498485,6.123,0.7816,1.75,0.8735,7.5,2.5,0.25,7.5,2.5,0.25,24.492,3.1264,7,3.494,331.9466149,41.39621351,94.87286888,46.26355233,290.5504014,48.60931655
SMW OM8,S,OM,MW,6.07,6.21,2.02,1.2873,0.7327,0.362722772,3.868272772,3.957491584,3.216,0.7834,1.043,0.9157,7.5,2.5,0.25,7.5,2.5,0.25,12.864,3.1336,4.172,3.6628,173.5976387,41.37430412,56.30047797,48.36156534,132.2233346,7.93891263
SMWC OM8,S,OM,MWC,6.14,6.19,2.01,1.2818,0.7282,0.362288557,3.915548259,3.947433831,4.473,0.7947,1.577,0.969,7.5,2.5,0.25,7.5,2.5,0.25,17.892,3.1788,6.308,3.876,238.6383282,42.07003245,84.13428205,51.29717055,196.5682958,32.8371115
NO OS9,N,OS,O,6.01,6.04,1.96,1.2959,0.6641,0.338826531,3.973652551,3.993487755,6.215,0.6779,1.787,1.395,7.5,2.5,0.25,7.5,2.5,0.25,24.86,2.7116,7.148,5.58,325.5502541,35.33986612,93.60551955,72.72328254,290.210388,20.88223702
NC OS9,N,OS,C,5.97,6.08,1.99,1.2913,0.6987,0.351105528,3.8739,3.945278392,3.594,0.5314,1.141,1.284,7.5,2.5,0.25,7.5,2.5,0.25,14.376,2.1256,4.564,5.136,193.3280502,28.08865516,61.3765457,67.8694641,165.239395,-6.492918394
NMW OS9,N,OS,MW,5.99,6.06,2.06,1.4314,0.6286,0.305145631,4.16217767,4.210817476,6.5,0.8871,1.308,0.5778,7.5,2.5,0.25,7.5,2.5,0.25,26,3.5484,5.232,2.3112,323.7544111,43.69261796,65.1493492,28.45856686,280.0617932,36.69078234
NMWC OS9,N,OS,MWC,6.03,6.07,1.96,1.3336,0.6264,0.319591837,4.102861224,4.130077551,7.877,0.8105,1.327,0.5408,7.5,2.5,0.25,7.5,2.5,0.25,31.508,3.242,5.308,2.1632,398.7754396,40.77144472,67.17976493,27.20443838,358.0039949,39.97532655
NO UT9,N,UT,O,6.13,5.91,2.02,1.432,0.588,0.291089109,4.345623762,4.189663366,8.042,1.647,2.557,1.742,7.5,2.5,0.25,7.5,2.5,0.25,32.168,6.588,10.228,6.968,383.3281264,81.32719695,121.8813752,86.01820102,302.0009294,35.86317415
NC UT9,N,UT,C,6.04,6.11,1.95,1.3135,0.6365,0.326410256,4.068482051,4.115633333,8.72,0.6646,2.166,1.049,7.5,2.5,0.25,7.5,2.5,0.25,34.88,2.6584,8.664,4.196,445.5633632,33.5845818,110.6754868,53.00966944,411.9787814,57.66581735
NMW UT9,N,UT,MW,6.03,6.13,2.01,1.3318,0.6782,0.337412935,3.9954,4.061658706,16.5,1.141,3.756,1.868,7.5,2.5,0.25,7.5,2.5,0.25,66,4.564,15.024,7.472,859.5593933,58.50809407,195.6669746,95.78713384,801.0512992,99.87984078
NMWC UT9,N,UT,MWC,6.1,6.77,2,1.2406,0.7594,0.3797,3.78383,4.199431,9.282,0.9861,2.274,1.812,7.5,2.5,0.25,7.5,2.5,0.25,37.128,3.9444,9.096,7.248,513.3409164,49.37796391,125.7635471,90.73407424,463.9629525,35.02947283
NO OM9,N,OM,O,5.97,6.54,1.97,1.2592,0.7108,0.360812183,3.815951269,4.180288325,5.019,1.24,1.199,0.8712,7.5,2.5,0.25,7.5,2.5,0.25,20.076,4.96,4.796,3.4848,274.3862823,62.12589892,65.54874527,43.64845414,212.2603834,21.90029113
NC OM9,N,OM,C,5.96,6.43,2.07,1.3873,0.6827,0.329806763,3.994351691,4.309342512,6.846,0.8252,1.946,0.8476,7.5,2.5,0.25,7.5,2.5,0.25,27.384,3.3008,7.784,3.3904,356.2598948,39.92253244,101.2681501,41.00622697,316.3373624,60.26192309
NMW OM9,N,OM,MW,6.02,6.39,1.99,1.2804,0.7096,0.356582915,3.873370854,4.111435176,2.636,0.5314,0.5671,0.3521,7.5,2.5,0.25,7.5,2.5,0.25,10.544,2.1256,2.2684,1.4084,141.9523403,27.02786561,30.53913968,17.90837689,114.9244747,12.63076279
NMWC OM9,N,OM,MWC,6,6.42,2,1.2386,0.7614,0.3807,3.7158,3.975906,9.011,2.556,2.904,1.841,7.5,2.5,0.25,7.5,2.5,0.25,36.044,10.224,11.616,7.364,507.1671524,134.85943,163.446167,97.13466773,372.3077223,66.31149924
CO OS9,C,OS,O,5.97,5.95,2.07,1.3721,0.6979,0.337149758,3.957215942,3.943958937,5.076,1.05,1.186,1.002,7.5,2.5,0.25,7.5,2.5,0.25,20.304,4.2,4.744,4.008,266.8713517,55.38226334,62.35410227,52.85050273,211.4890884,9.503599544
CC OS9,C,OS,C,6.03,5.9,2.04,1.4123,0.6277,0.307696078,4.174592647,4.084593137,8.972,0.6758,2,0.7954,7.5,2.5,0.25,7.5,2.5,0.25,35.888,2.7032,8,3.1816,445.7888509,34.29164255,99.37335062,40.36042096,411.4972083,59.01292966
CMW OS9,C,OS,MW,5.98,5.9,2.13,1.5334,0.5966,0.280093897,4.305038498,4.247446009,4.258,0.4867,0.7836,0.3709,7.5,2.5,0.25,7.5,2.5,0.25,17.032,1.9468,3.1344,1.4836,204.4413644,23.67474287,37.62335678,18.04183713,180.7666215,19.58151965
CMWC OS9,C,OS,MWC,5.97,6.1,1.98,1.2833,0.6967,0.351868687,3.869343939,3.95360101,3.155,0.6826,0.609,0.3392,7.5,2.5,0.25,7.5,2.5,0.25,12.62,2.7304,2.436,1.3568,169.928104,36.01287217,32.80070217,17.89564348,133.9152319,14.90505869
CO UT9,C,UT,O,6.1,6.04,1.94,1.307,0.633,0.32628866,4.109639175,4.069216495,8.945,0.6459,2.334,1.557,7.5,2.5,0.25,7.5,2.5,0.25,35.78,2.5836,9.336,6.228,452.6468215,32.99694583,118.1081813,79.54210352,419.6498757,38.56607775
CC UT9,C,UT,C,5.99,6.1,1.96,1.3036,0.6564,0.334897959,3.983961224,4.057122449,7.605,0.6551,1.979,1.714,7.5,2.5,0.25,7.5,2.5,0.25,30.42,2.6204,7.916,6.856,397.098167,33.61327099,103.3342896,87.94557546,363.484896,15.38871414
CMW UT9,C,UT,MW,6.11,5.88,2.08,1.4284,0.6516,0.313269231,4.195925,4.037976923,8.839,0.9734,2.126,1.58,7.5,2.5,0.25,7.5,2.5,0.25,35.356,3.8936,8.504,6.32,437.4420505,49.98842363,105.2157257,81.14003425,387.4536269,24.07569143
CMWC UT9,C,UT,MWC,5.99,5.95,2.04,1.3989,0.6411,0.314264706,4.107554412,4.080125,8.845,0.6506,3.186,2.079,7.5,2.5,0.25,7.5,2.5,0.25,35.38,2.6024,12.744,8.316,446.884141,33.0838302,160.9692338,105.719771,413.8003108,55.24946287
CO OM9,C,OM,O,5.97,6.3,2.13,1.326,0.804,0.377464789,3.716535211,3.921971831,5.895,0.6854,1.508,0.6578,7.5,2.5,0.25,7.5,2.5,0.25,23.58,2.7416,6.032,2.6312,331.5283267,36.61413397,84.80826407,35.13973931,294.9141927,49.66852476
CC OM9,C,OM,C,5.92,6.42,2.02,1.3073,0.7127,0.352821782,3.83129505,4.154884158,8.601,1.137,2.473,1.163,7.5,2.5,0.25,7.5,2.5,0.25,34.404,4.548,9.892,4.652,467.7425732,57.21019836,134.487546,58.51843508,410.5323748,75.96911096
CMW OM9,C,OM,MW,,#VALUE!,,0,0,#DIV/0!,#DIV/0!,#VALUE!,,,,,7.5,2.5,0.25,7.5,2.5,0.25,0,0,0,0,#DIV/0!,#VALUE!,#DIV/0!,#VALUE!,#DIV/0!,#DIV/0!
CMWC OM9,C,OM,MWC,6.03,6.4,1.97,1.3002,0.6698,0.34,3.9798,4.224,3.091,0.4434,1.028,0.5105,7.5,2.5,0.25,7.5,2.5,0.25,12.364,1.7736,4.112,2.042,161.7037722,21.90799091,53.77919051,25.22334091,139.7957813,28.5558496
SO OS9,S,OS,O,6.13,5.86,2.05,1.4267,0.6233,0.30404878,4.266180976,4.078274146,13.1,0.5633,2.705,0.748,7.5,2.5,0.25,7.5,2.5,0.25,52.4,2.2532,10.82,2.992,637.0250424,28.60881356,131.5383771,37.98933524,608.4162288,93.54904183
SC OS9,S,OS,C,6.02,5.93,2.01,1.3653,0.6447,0.320746269,4.089107463,4.027974627,17.5,0.6435,2.938,0.7283,7.5,2.5,0.25,7.5,2.5,0.25,70,2.574,11.752,2.9132,888.9867803,33.16699475,149.2481806,37.53771916,855.8197856,111.7104614
SMW OS9,S,OS,MW,6.03,5.98,1.96,1.3457,0.6143,0.313418367,4.140087245,4.105758163,15.32,0.8715,3.462,1.63,7.5,2.5,0.25,7.5,2.5,0.25,61.28,3.486,13.848,6.52,768.0547934,44.04390124,173.5643404,82.37700403,724.0108922,91.18733636
SMWC OS9,S,OS,MWC,6.15,5.8,2.01,1.3809,0.6291,0.312985075,4.225141791,3.984686567,11.34,0.6366,1.749,0.5007,7.5,2.5,0.25,7.5,2.5,0.25,45.36,2.5464,6.996,2.0028,557.4514856,33.11239464,85.97730585,26.04363179,524.339091,59.93367406
SO UT9,S,UT,O,6.02,6.02,1.96,1.3323,0.6277,0.320255102,4.092064286,4.092064286,15.63,0.7984,3.765,1.889,7.5,2.5,0.25,7.5,2.5,0.25,62.52,3.1936,15.06,7.556,793.3732987,40.52650299,191.1100748,95.88497513,752.8467957,95.2250997
SC UT9,S,UT,C,6.07,5.87,2.04,1.3526,0.6874,0.336960784,4.024648039,3.892040196,19.63,1.048,4.707,2.643,7.5,2.5,0.25,7.5,2.5,0.25,78.52,4.192,18.828,10.572,1015.393395,55.98390472,243.477163,141.1884162,959.4094902,102.2887468
SMW UT9,S,UT,MW,5.93,6,2.03,1.3388,0.6912,0.340492611,3.910878818,3.957044335,7.84,0.5278,2.005,1.059,7.5,2.5,0.25,7.5,2.5,0.25,31.36,2.1112,8.02,4.236,417.123546,27.76645362,106.6750905,55.71177413,389.3570923,50.96331639
SMWC UT9,S,UT,MWC,5.97,5.86,2.15,1.4545,0.6955,0.323488372,4.038774419,3.96435814,16.11,0.6748,3.598,1.169,7.5,2.5,0.25,7.5,2.5,0.25,64.44,2.6992,14.392,4.676,828.580116,35.3340217,185.0547025,61.21142763,793.2460944,123.8432749
SO OM9,S,OM,O,,#VALUE!,,0,0,#DIV/0!,#DIV/0!,#VALUE!,,,,,7.5,2.5,0.25,7.5,2.5,0.25,0,0,0,0,#DIV/0!,#VALUE!,#DIV/0!,#VALUE!,#DIV/0!,#DIV/0!
SC OM9,S,OM,C,5.95,6.32,2.06,1.3232,0.7368,0.357669903,3.821864078,4.059526214,6.707,1.45,2.212,1.771,7.5,2.5,0.25,7.5,2.5,0.25,26.828,5.8,8.848,7.084,365.9192483,74.66653299,120.6818812,91.19615857,291.2527153,29.48572264
SMW OM9,S,OM,MW,5.95,6.34,2.06,1.332,0.728,0.353398058,3.847281553,4.099456311,13.18,3.48,7.014,5.862,7.5,2.5,0.25,7.5,2.5,0.25,52.72,13.92,28.056,23.448,713.9730426,177.3865393,379.9550016,298.8045671,536.5865033,81.15043445
SMWC OM9,S,OM,MWC,6,6.24,2.09,1.3505,0.7395,0.353827751,3.877033493,4.032114833,9.44,1.746,3.889,2.383,7.5,2.5,0.25,7.5,2.5,0.25,37.76,6.984,15.556,9.532,507.6466889,90.42893994,209.1353785,123.4204833,417.2177489,85.71489519
NO OS10,N,OS,O,5.99,5.98,2.02,1.3365,0.6835,0.338366337,3.963185644,3.956569307,6.604,2.014,1.645,1.224,7.5,2.5,0.25,7.5,2.5,0.25,26.416,8.056,6.58,4.896,346.776672,105.9252916,86.37910743,64.37564893,240.8513804,22.0034585
NC OS10,N,OS,C,6.02,5.99,2.05,1.293,0.757,0.369268293,3.797004878,3.778082927,6.098,0.6535,1.561,1.035,7.5,2.5,0.25,7.5,2.5,0.25,24.392,2.614,6.244,4.14,335.4810799,36.12465737,85.87831515,57.21349713,299.3564226,28.66481802
NMW OS10,N,OS,MW,6.04,6.02,2.01,1.36,0.65,0.323383085,4.086766169,4.073233831,7.176,0.6796,1.437,0.4675,7.5,2.5,0.25,7.5,2.5,0.25,28.704,2.7184,5.748,1.87,364.9011375,34.6682992,73.07175789,23.84848422,330.2328383,49.22327367
NMWC OS10,N,OS,MWC,6,6.03,2.01,1.3435,0.6665,0.33159204,4.010447761,4.0305,6.425,1.027,0.951,0.6508,7.5,2.5,0.25,7.5,2.5,0.25,25.7,4.108,3.804,2.6032,333.1626721,52.99936633,49.31326089,33.58518754,280.1633058,15.72807334
NO UT10,N,UT,O,6.02,6.08,2.02,1.3422,0.6778,0.335544554,4.000021782,4.039889109,12.38,0.6218,3.042,1.38,7.5,2.5,0.25,7.5,2.5,0.25,49.52,2.4872,12.168,5.52,644.0038234,32.03903878,158.243912,71.10626168,611.9647846,87.13765034
NC UT10,N,UT,C,6.02,6.04,2.02,1.3635,0.6565,0.325,4.0635,4.077,8.601,0.6201,1.973,0.9247,7.5,2.5,0.25,7.5,2.5,0.25,34.404,2.4804,7.892,3.6988,439.8945308,31.61369272,100.9082559,47.14268933,408.2808381,53.76556661
NMW UT10,N,UT,MW,6.01,6.12,1.99,1.2842,0.7058,0.354673367,3.878413065,3.949398995,11.75,0.5939,3.026,1.174,7.5,2.5,0.25,7.5,2.5,0.25,47,2.3756,12.104,4.696,631.7492605,31.38109872,162.6955968,62.03301885,600.3681618,100.6625779
NMWC UT10,N,UT,MWC,6.01,6,2.02,1.3479,0.6721,0.332722772,4.010336139,4.003663366,9.09,0.5696,1.726,0.7754,7.5,2.5,0.25,7.5,2.5,0.25,36.36,2.2784,6.904,3.1016,471.4586789,29.59001358,89.52009679,40.28106835,441.8686654,49.23902844
NO OM10,N,OM,O,6.08,6.39,1.95,1.2743,0.6757,0.346512821,3.973202051,4.175783077,5.558,1.549,2.426,2.924,7.5,2.5,0.25,7.5,2.5,0.25,22.232,6.196,9.704,11.696,291.5629049,77.47511834,127.2636933,146.2474151,214.0877866,-18.98372182
NC OM10,N,OM,C,6.16,6.22,2.03,1.2815,0.7485,0.368719212,3.888689655,3.926566502,5.914,1.08,1.361,0.5727,7.5,2.5,0.25,7.5,2.5,0.25,23.656,4.32,5.444,2.2908,317.981178,57.53312278,73.17760962,30.5085365,260.4480552,42.66907312
NMW OM10,N,OM,MW,6.11,6.29,2.09,1.3228,0.7672,0.36708134,3.867133014,3.981058373,8.088,1.199,2.248,1.238,7.5,2.5,0.25,7.5,2.5,0.25,32.352,4.796,8.992,4.952,437.0579513,63.01683134,121.4770369,65.06658648,374.04112,56.41045043
NMWC OM10,N,OM,MWC,6.05,6.34,2.06,1.2963,0.7637,0.370728155,3.80709466,3.989583495,5.832,0.7863,1.225,0.668,7.5,2.5,0.25,7.5,2.5,0.25,23.328,3.1452,4.9,2.672,320.1187794,41.27060637,67.24031289,35.06138249,278.8481731,32.1789304
CO OS10,C,OS,O,6.1,5.9,2.07,1.3978,0.6722,0.3247343,4.119120773,3.984067633,5.596,0.65,1.066,0.4588,7.5,2.5,0.25,7.5,2.5,0.25,22.384,2.6,4.264,1.8352,282.4729025,33.8803044,53.80916978,23.91428255,248.5925981,29.89488723
CC OS10,C,OS,C,5.98,6.12,1.99,1.3297,0.6603,0.331809045,3.99578191,4.089328643,4.944,0.7828,1.052,0.6508,7.5,2.5,0.25,7.5,2.5,0.25,19.776,3.1312,4.208,2.6032,257.2812832,39.83989852,54.74512741,33.12187782,217.4413847,21.62324959
CMW OS10,C,OS,MW,5.95,6.15,1.97,1.3815,0.5885,0.298730964,4.172550761,4.312804569,5.967,0.7987,1.048,0.6043,7.5,2.5,0.25,7.5,2.5,0.25,23.868,3.1948,4.192,2.4172,296.1795384,38.39948445,52.01879608,29.05322205,257.7800539,22.96557403
CMWC OS10,C,OS,MWC,6.04,6.03,1.97,1.3281,0.6419,0.325837563,4.071941117,4.065199492,7.004,0.7947,1.65,0.9243,7.5,2.5,0.25,7.5,2.5,0.25,28.016,3.1788,6.6,3.6972,357.5535834,40.63409635,84.23235474,47.26072135,316.919487,36.97163339
CO UT10,C,UT,O,5.96,6.11,2.02,1.3501,0.6699,0.331633663,3.983463366,4.083718317,5.662,0.7084,1.156,0.7231,7.5,2.5,0.25,7.5,2.5,0.25,22.648,2.8336,4.624,2.8924,295.5128473,36.099863,60.33430794,36.84897083,259.4129843,23.4853371
CC UT10,C,UT,C,5.94,6.18,2.03,1.2919,0.7381,0.363596059,3.780239409,3.932976355,5.293,0.7733,0.6374,0.2292,7.5,2.5,0.25,7.5,2.5,0.25,21.172,3.0932,2.5496,0.9168,292.1313525,41.09114293,35.17939242,12.17908956,251.0402096,23.00030285
CMW UT10,C,UT,MW,5.96,6.08,2.07,1.416,0.654,0.315942029,4.076985507,4.159072464,7.795,0.6972,2.075,1.122,7.5,2.5,0.25,7.5,2.5,0.25,31.18,2.7888,8.3,4.488,396.791303,34.81475352,105.6243687,56.0271851,361.9765495,49.59718357
CMWC UT10,C,UT,MWC,6.04,6.04,2.02,1.3705,0.6495,0.321534653,4.097930693,4.097930693,16.95,1.544,5.788,2.79,7.5,2.5,0.25,7.5,2.5,0.25,67.8,6.176,23.152,11.16,859.3781991,78.28200232,293.4561072,141.4551726,781.0961968,152.0009346
CO OM10,C,OM,O,6.04,6.35,2.03,1.2773,0.7527,0.370788177,3.800439409,3.995495074,8.576,1.18,2.234,1.105,7.5,2.5,0.25,7.5,2.5,0.25,34.304,4.72,8.936,4.42,471.5312346,61.84797095,122.8312474,57.91695584,409.6832637,64.9142916
CC OM10,C,OM,C,5.98,6.54,1.95,1.2503,0.6997,0.358820513,3.834253333,4.193313846,3.859,1.621,8.456,8.32,7.5,2.5,0.25,7.5,2.5,0.25,15.436,6.484,33.824,33.28,209.9292028,80.94216781,460.0055296,415.4465368,128.987035,44.55899278
CMW OM10,C,OM,MW,,#VALUE!,,0,0,#DIV/0!,#DIV/0!,#VALUE!,,,,,7.5,2.5,0.25,7.5,2.5,0.25,0,0,0,0,#DIV/0!,#VALUE!,#DIV/0!,#VALUE!,#DIV/0!,#DIV/0!
CMWC OM10,C,OM,MWC,6.03,6.32,2.07,1.333,0.737,0.356038647,3.883086957,4.069835749,4.96,1.194,1.567,1.385,7.5,2.5,0.25,7.5,2.5,0.25,19.84,4.776,6.268,5.54,266.4361541,61.31618077,84.17448659,71.12471555,205.1199733,13.04977105
SO OS10,S,OS,O,5.99,5.92,2.04,1.3973,0.6427,0.31504902,4.102856373,4.054909804,16.82,0.746,3.897,1.195,7.5,2.5,0.25,7.5,2.5,0.25,67.28,2.984,15.588,4.78,850.8625958,38.16741595,197.1350497,61.13949339,812.6951798,135.9955563
SC OS10,S,OS,C,5.97,6.13,1.94,1.3217,0.6183,0.31871134,4.067293299,4.176299485,14.08,0.6745,2.791,0.8906,7.5,2.5,0.25,7.5,2.5,0.25,56.32,2.698,11.164,3.5624,718.6992003,33.56346558,142.4637406,44.3167123,685.1357347,98.14702833
SMW OS10,S,OS,MW,6.02,6.02,2.02,1.4098,0.6102,0.302079208,4.201483168,4.201483168,12.51,1.034,3.16,0.9812,7.5,2.5,0.25,7.5,2.5,0.25,50.04,4.136,12.64,3.9248,617.1626729,51.01088759,155.8940085,48.40607631,566.1517853,107.4879322
SMWC OS10,S,OS,MWC,6.01,5.92,2.08,1.4337,0.6463,0.310721154,4.142565865,4.080530769,10.37,0.7093,1.982,0.606,7.5,2.5,0.25,7.5,2.5,0.25,41.48,2.8372,7.928,2.424,519.3547279,36.04407133,99.26336266,30.79473738,483.3106566,68.46862527
SO UT10,S,UT,O,6.03,5.97,2.07,1.3954,0.6746,0.32589372,4.06486087,4.024414493,13.78,0.8154,3.735,1.788,7.5,2.5,0.25,7.5,2.5,0.25,55.12,3.2616,14.94,7.152,704.6535074,42.09947111,190.9928048,92.31524939,662.5540363,98.67755541
SC UT10,S,UT,C,6.11,6.01,1.97,1.3009,0.6691,0.33964467,4.034771066,3.968735533,36.21,4.175,9.283,5.585,7.5,2.5,0.25,7.5,2.5,0.25,144.84,16.7,37.132,22.34,1869.393836,218.9838827,479.2483561,292.9401162,1650.409953,186.3082399
SMW UT10,S,UT,MW,5.91,6.12,2.01,1.369,0.641,0.318905473,4.025268657,4.168298507,8.32,0.7113,1.984,0.9304,7.5,2.5,0.25,7.5,2.5,0.25,33.28,2.8452,7.936,3.7216,428.971084,35.46122736,102.2931046,46.38426253,393.5098566,55.90884212
SMWC UT10,S,UT,MWC,5.96,6.04,2.08,1.3306,0.7494,0.360288462,3.812680769,3.863857692,7.203,0.4784,2.082,1.216,7.5,2.5,0.25,7.5,2.5,0.25,28.812,1.9136,8.328,4.864,394.0714297,25.84056502,113.9048614,65.68170373,368.2308647,48.22315767
SO OM10,S,OM,O,,#VALUE!,,0,0,#DIV/0!,#DIV/0!,#VALUE!,,,,,7.5,2.5,0.25,7.5,2.5,0.25,0,0,0,0,#DIV/0!,#VALUE!,#DIV/0!,#VALUE!,#DIV/0!,#DIV/0!
SC OM10,S,OM,C,5.98,6.41,2.02,1.2631,0.7569,0.37470297,3.739276238,4.00815396,5.663,0.9151,1.85,0.8442,7.5,2.5,0.25,7.5,2.5,0.25,22.652,3.6604,7.4,3.3768,316.4668239,47.8553766,103.3840057,44.14764389,268.6114473,59.2363618
SMW OM10,S,OM,MW,6.18,6.28,1.95,1.2322,0.7178,0.368102564,3.905126154,3.968315897,14.97,2.986,5.064,2.456,7.5,2.5,0.25,7.5,2.5,0.25,59.88,11.944,20.256,9.824,801.5667926,157.4498531,271.1512517,129.5032951,644.1169396,141.6479566
SMWC OM10,S,OM,MWC,6.02,6.4,2,1.3011,0.6989,0.34945,3.916311,4.16352,4.714,0.8731,1.506,0.7715,7.5,2.5,0.25,7.5,2.5,0.25,18.856,3.4924,6.024,3.086,250.8654598,43.81645405,80.14496871,38.71766613,207.0490058,41.42730258